command,scope,metric,bytes,dimensions_json
002-sizes-1000000-1000000-512-1,clearing activity disclosure:,core,16,"{""A"":""1000000"",""B"":""512"",""K"":""1"",""N"":""1000000""}"
002-sizes-1000000-1000000-512-1,clearing activity disclosure:,value,48,"{""A"":""1000000"",""B"":""512"",""K"":""1"",""N"":""1000000""}"
002-sizes-1000000-1000000-512-1,clearing activity disclosure:,account_change,80,"{""A"":""1000000"",""B"":""512"",""K"":""1"",""N"":""1000000""}"
002-sizes-1000000-1000000-512-1,clearing sizes:,identical_dealing,102750004,"{""A"":""1000000"",""B"":""512"",""E"":""1000000"",""K"":""1"",""N"":""1000000"",""rows"":""1000000"",""validators"":""100""}"
002-sizes-1000000-1000000-512-1,clearing sizes:,dealt_egress,10275000400,"{""A"":""1000000"",""B"":""512"",""E"":""1000000"",""K"":""1"",""N"":""1000000"",""rows"":""1000000"",""validators"":""100""}"
002-sizes-1000000-1000000-512-1,clearing sizes:,integrated_commitment,32,"{""A"":""1000000"",""B"":""512"",""E"":""1000000"",""K"":""1"",""N"":""1000000"",""rows"":""1000000"",""validators"":""100""}"
002-sizes-1000000-1000000-512-1,clearing sizes:,root_bundle,184,"{""A"":""1000000"",""B"":""512"",""E"":""1000000"",""K"":""1"",""N"":""1000000"",""rows"":""1000000"",""validators"":""100""}"
002-sizes-1000000-1000000-512-1,clearing sizes:,withdrawal_total,8,"{""A"":""1000000"",""B"":""512"",""E"":""1000000"",""K"":""1"",""N"":""1000000"",""rows"":""1000000"",""validators"":""100""}"
002-sizes-1000000-1000000-512-1,clearing sizes:,descriptor,192,"{""A"":""1000000"",""B"":""512"",""E"":""1000000"",""K"":""1"",""N"":""1000000"",""rows"":""1000000"",""validators"":""100""}"
002-sizes-1000000-1000000-512-1,clearing sizes:,certificate,69,"{""A"":""1000000"",""B"":""512"",""E"":""1000000"",""K"":""1"",""N"":""1000000"",""rows"":""1000000"",""validators"":""100""}"
002-sizes-1000000-1000000-512-1,clearing sizes:,header_certificate,101,"{""A"":""1000000"",""B"":""512"",""E"":""1000000"",""K"":""1"",""N"":""1000000"",""rows"":""1000000"",""validators"":""100""}"
002-sizes-1000000-1000000-512-1,clearing sizes:,header_roots_withdrawal_total_certificate,293,"{""A"":""1000000"",""B"":""512"",""E"":""1000000"",""K"":""1"",""N"":""1000000"",""rows"":""1000000"",""validators"":""100""}"
002-sizes-1000000-1000000-512-1,clearing sizes:,entry_receipt,305,"{""A"":""1000000"",""B"":""512"",""E"":""1000000"",""K"":""1"",""N"":""1000000"",""rows"":""1000000"",""validators"":""100""}"
002-sizes-1000000-1000000-512-1,clearing empty payout epoch:,commit_opening,43,"{""W"":""0"",""commit_position"":""1"",""history_outputs"":""0"",""operations"":""2""}"
002-sizes-1000000-1000000-512-1,clearing empty payout epoch:,root,48,"{""W"":""0"",""commit_position"":""1"",""history_outputs"":""0"",""operations"":""2""}"
002-sizes-1000000-1000000-512-1,clearing withdrawal claim:,request,199,"{""A"":""1000000"",""B"":""512"",""K"":""1"",""N"":""1000000"",""W"":""1"",""action"":""amount"",""fixture"":""native_keyless_mmr"",""history_outputs"":""0"",""operations"":""3"",""position"":""1""}"
002-sizes-1000000-1000000-512-1,clearing withdrawal claim:,output,30,"{""A"":""1000000"",""B"":""512"",""K"":""1"",""N"":""1000000"",""W"":""1"",""action"":""amount"",""fixture"":""native_keyless_mmr"",""history_outputs"":""0"",""operations"":""3"",""position"":""1""}"
002-sizes-1000000-1000000-512-1,clearing withdrawal claim:,opening,75,"{""A"":""1000000"",""B"":""512"",""K"":""1"",""N"":""1000000"",""W"":""1"",""action"":""amount"",""fixture"":""native_keyless_mmr"",""history_outputs"":""0"",""operations"":""3"",""position"":""1""}"
002-sizes-1000000-1000000-512-1,clearing withdrawal claim:,claim,105,"{""A"":""1000000"",""B"":""512"",""K"":""1"",""N"":""1000000"",""W"":""1"",""action"":""amount"",""fixture"":""native_keyless_mmr"",""history_outputs"":""0"",""operations"":""3"",""position"":""1""}"
002-sizes-1000000-1000000-512-1,clearing withdrawal claim:,root,48,"{""A"":""1000000"",""B"":""512"",""K"":""1"",""N"":""1000000"",""W"":""1"",""action"":""amount"",""fixture"":""native_keyless_mmr"",""history_outputs"":""0"",""operations"":""3"",""position"":""1""}"
002-sizes-1000000-1000000-512-1,clearing withdrawal claim:,request,191,"{""A"":""1000000"",""B"":""512"",""K"":""1"",""N"":""1000000"",""W"":""1"",""action"":""close"",""fixture"":""native_keyless_mmr"",""history_outputs"":""0"",""operations"":""3"",""position"":""1""}"
002-sizes-1000000-1000000-512-1,clearing withdrawal claim:,output,30,"{""A"":""1000000"",""B"":""512"",""K"":""1"",""N"":""1000000"",""W"":""1"",""action"":""close"",""fixture"":""native_keyless_mmr"",""history_outputs"":""0"",""operations"":""3"",""position"":""1""}"
002-sizes-1000000-1000000-512-1,clearing withdrawal claim:,opening,75,"{""A"":""1000000"",""B"":""512"",""K"":""1"",""N"":""1000000"",""W"":""1"",""action"":""close"",""fixture"":""native_keyless_mmr"",""history_outputs"":""0"",""operations"":""3"",""position"":""1""}"
002-sizes-1000000-1000000-512-1,clearing withdrawal claim:,claim,105,"{""A"":""1000000"",""B"":""512"",""K"":""1"",""N"":""1000000"",""W"":""1"",""action"":""close"",""fixture"":""native_keyless_mmr"",""history_outputs"":""0"",""operations"":""3"",""position"":""1""}"
002-sizes-1000000-1000000-512-1,clearing withdrawal claim:,root,48,"{""A"":""1000000"",""B"":""512"",""K"":""1"",""N"":""1000000"",""W"":""1"",""action"":""close"",""fixture"":""native_keyless_mmr"",""history_outputs"":""0"",""operations"":""3"",""position"":""1""}"
002-sizes-1000000-1000000-512-1,clearing withdrawal claim:,request,199,"{""A"":""1000000"",""B"":""512"",""K"":""1"",""N"":""1000000"",""W"":""1000000"",""action"":""amount"",""fixture"":""native_keyless_mmr"",""history_outputs"":""0"",""operations"":""1000002"",""position"":""500001""}"
002-sizes-1000000-1000000-512-1,clearing withdrawal claim:,output,30,"{""A"":""1000000"",""B"":""512"",""K"":""1"",""N"":""1000000"",""W"":""1000000"",""action"":""amount"",""fixture"":""native_keyless_mmr"",""history_outputs"":""0"",""operations"":""1000002"",""position"":""500001""}"
002-sizes-1000000-1000000-512-1,clearing withdrawal claim:,opening,653,"{""A"":""1000000"",""B"":""512"",""K"":""1"",""N"":""1000000"",""W"":""1000000"",""action"":""amount"",""fixture"":""native_keyless_mmr"",""history_outputs"":""0"",""operations"":""1000002"",""position"":""500001""}"
002-sizes-1000000-1000000-512-1,clearing withdrawal claim:,claim,683,"{""A"":""1000000"",""B"":""512"",""K"":""1"",""N"":""1000000"",""W"":""1000000"",""action"":""amount"",""fixture"":""native_keyless_mmr"",""history_outputs"":""0"",""operations"":""1000002"",""position"":""500001""}"
002-sizes-1000000-1000000-512-1,clearing withdrawal claim:,root,48,"{""A"":""1000000"",""B"":""512"",""K"":""1"",""N"":""1000000"",""W"":""1000000"",""action"":""amount"",""fixture"":""native_keyless_mmr"",""history_outputs"":""0"",""operations"":""1000002"",""position"":""500001""}"
002-sizes-1000000-1000000-512-1,clearing withdrawal claim:,request,191,"{""A"":""1000000"",""B"":""512"",""K"":""1"",""N"":""1000000"",""W"":""1000000"",""action"":""close"",""fixture"":""native_keyless_mmr"",""history_outputs"":""0"",""operations"":""1000002"",""position"":""500001""}"
002-sizes-1000000-1000000-512-1,clearing withdrawal claim:,output,30,"{""A"":""1000000"",""B"":""512"",""K"":""1"",""N"":""1000000"",""W"":""1000000"",""action"":""close"",""fixture"":""native_keyless_mmr"",""history_outputs"":""0"",""operations"":""1000002"",""position"":""500001""}"
002-sizes-1000000-1000000-512-1,clearing withdrawal claim:,opening,653,"{""A"":""1000000"",""B"":""512"",""K"":""1"",""N"":""1000000"",""W"":""1000000"",""action"":""close"",""fixture"":""native_keyless_mmr"",""history_outputs"":""0"",""operations"":""1000002"",""position"":""500001""}"
002-sizes-1000000-1000000-512-1,clearing withdrawal claim:,claim,683,"{""A"":""1000000"",""B"":""512"",""K"":""1"",""N"":""1000000"",""W"":""1000000"",""action"":""close"",""fixture"":""native_keyless_mmr"",""history_outputs"":""0"",""operations"":""1000002"",""position"":""500001""}"
002-sizes-1000000-1000000-512-1,clearing withdrawal claim:,root,48,"{""A"":""1000000"",""B"":""512"",""K"":""1"",""N"":""1000000"",""W"":""1000000"",""action"":""close"",""fixture"":""native_keyless_mmr"",""history_outputs"":""0"",""operations"":""1000002"",""position"":""500001""}"
002-sizes-1000000-1000000-512-1,clearing empty payout epoch:,commit_opening,76,"{""W"":""0"",""commit_position"":""1026"",""history_outputs"":""1024"",""operations"":""1027""}"
002-sizes-1000000-1000000-512-1,clearing empty payout epoch:,root,48,"{""W"":""0"",""commit_position"":""1026"",""history_outputs"":""1024"",""operations"":""1027""}"
002-sizes-1000000-1000000-512-1,clearing withdrawal claim:,request,199,"{""A"":""1000000"",""B"":""512"",""K"":""1"",""N"":""1000000"",""W"":""1"",""action"":""amount"",""fixture"":""native_keyless_mmr"",""history_outputs"":""1024"",""operations"":""1028"",""position"":""1026""}"
002-sizes-1000000-1000000-512-1,clearing withdrawal claim:,output,30,"{""A"":""1000000"",""B"":""512"",""K"":""1"",""N"":""1000000"",""W"":""1"",""action"":""amount"",""fixture"":""native_keyless_mmr"",""history_outputs"":""1024"",""operations"":""1028"",""position"":""1026""}"
002-sizes-1000000-1000000-512-1,clearing withdrawal claim:,opening,108,"{""A"":""1000000"",""B"":""512"",""K"":""1"",""N"":""1000000"",""W"":""1"",""action"":""amount"",""fixture"":""native_keyless_mmr"",""history_outputs"":""1024"",""operations"":""1028"",""position"":""1026""}"
002-sizes-1000000-1000000-512-1,clearing withdrawal claim:,claim,138,"{""A"":""1000000"",""B"":""512"",""K"":""1"",""N"":""1000000"",""W"":""1"",""action"":""amount"",""fixture"":""native_keyless_mmr"",""history_outputs"":""1024"",""operations"":""1028"",""position"":""1026""}"
002-sizes-1000000-1000000-512-1,clearing withdrawal claim:,root,48,"{""A"":""1000000"",""B"":""512"",""K"":""1"",""N"":""1000000"",""W"":""1"",""action"":""amount"",""fixture"":""native_keyless_mmr"",""history_outputs"":""1024"",""operations"":""1028"",""position"":""1026""}"
002-sizes-1000000-1000000-512-1,clearing withdrawal claim:,request,191,"{""A"":""1000000"",""B"":""512"",""K"":""1"",""N"":""1000000"",""W"":""1"",""action"":""close"",""fixture"":""native_keyless_mmr"",""history_outputs"":""1024"",""operations"":""1028"",""position"":""1026""}"
002-sizes-1000000-1000000-512-1,clearing withdrawal claim:,output,30,"{""A"":""1000000"",""B"":""512"",""K"":""1"",""N"":""1000000"",""W"":""1"",""action"":""close"",""fixture"":""native_keyless_mmr"",""history_outputs"":""1024"",""operations"":""1028"",""position"":""1026""}"
002-sizes-1000000-1000000-512-1,clearing withdrawal claim:,opening,108,"{""A"":""1000000"",""B"":""512"",""K"":""1"",""N"":""1000000"",""W"":""1"",""action"":""close"",""fixture"":""native_keyless_mmr"",""history_outputs"":""1024"",""operations"":""1028"",""position"":""1026""}"
002-sizes-1000000-1000000-512-1,clearing withdrawal claim:,claim,138,"{""A"":""1000000"",""B"":""512"",""K"":""1"",""N"":""1000000"",""W"":""1"",""action"":""close"",""fixture"":""native_keyless_mmr"",""history_outputs"":""1024"",""operations"":""1028"",""position"":""1026""}"
002-sizes-1000000-1000000-512-1,clearing withdrawal claim:,root,48,"{""A"":""1000000"",""B"":""512"",""K"":""1"",""N"":""1000000"",""W"":""1"",""action"":""close"",""fixture"":""native_keyless_mmr"",""history_outputs"":""1024"",""operations"":""1028"",""position"":""1026""}"
002-sizes-1000000-1000000-512-1,clearing withdrawal claim:,request,199,"{""A"":""1000000"",""B"":""512"",""K"":""1"",""N"":""1000000"",""W"":""1000000"",""action"":""amount"",""fixture"":""native_keyless_mmr"",""history_outputs"":""1024"",""operations"":""1001027"",""position"":""501026""}"
002-sizes-1000000-1000000-512-1,clearing withdrawal claim:,output,30,"{""A"":""1000000"",""B"":""512"",""K"":""1"",""N"":""1000000"",""W"":""1000000"",""action"":""amount"",""fixture"":""native_keyless_mmr"",""history_outputs"":""1024"",""operations"":""1001027"",""position"":""501026""}"
002-sizes-1000000-1000000-512-1,clearing withdrawal claim:,opening,653,"{""A"":""1000000"",""B"":""512"",""K"":""1"",""N"":""1000000"",""W"":""1000000"",""action"":""amount"",""fixture"":""native_keyless_mmr"",""history_outputs"":""1024"",""operations"":""1001027"",""position"":""501026""}"
002-sizes-1000000-1000000-512-1,clearing withdrawal claim:,claim,683,"{""A"":""1000000"",""B"":""512"",""K"":""1"",""N"":""1000000"",""W"":""1000000"",""action"":""amount"",""fixture"":""native_keyless_mmr"",""history_outputs"":""1024"",""operations"":""1001027"",""position"":""501026""}"
002-sizes-1000000-1000000-512-1,clearing withdrawal claim:,root,48,"{""A"":""1000000"",""B"":""512"",""K"":""1"",""N"":""1000000"",""W"":""1000000"",""action"":""amount"",""fixture"":""native_keyless_mmr"",""history_outputs"":""1024"",""operations"":""1001027"",""position"":""501026""}"
002-sizes-1000000-1000000-512-1,clearing withdrawal claim:,request,191,"{""A"":""1000000"",""B"":""512"",""K"":""1"",""N"":""1000000"",""W"":""1000000"",""action"":""close"",""fixture"":""native_keyless_mmr"",""history_outputs"":""1024"",""operations"":""1001027"",""position"":""501026""}"
002-sizes-1000000-1000000-512-1,clearing withdrawal claim:,output,30,"{""A"":""1000000"",""B"":""512"",""K"":""1"",""N"":""1000000"",""W"":""1000000"",""action"":""close"",""fixture"":""native_keyless_mmr"",""history_outputs"":""1024"",""operations"":""1001027"",""position"":""501026""}"
002-sizes-1000000-1000000-512-1,clearing withdrawal claim:,opening,653,"{""A"":""1000000"",""B"":""512"",""K"":""1"",""N"":""1000000"",""W"":""1000000"",""action"":""close"",""fixture"":""native_keyless_mmr"",""history_outputs"":""1024"",""operations"":""1001027"",""position"":""501026""}"
002-sizes-1000000-1000000-512-1,clearing withdrawal claim:,claim,683,"{""A"":""1000000"",""B"":""512"",""K"":""1"",""N"":""1000000"",""W"":""1000000"",""action"":""close"",""fixture"":""native_keyless_mmr"",""history_outputs"":""1024"",""operations"":""1001027"",""position"":""501026""}"
002-sizes-1000000-1000000-512-1,clearing withdrawal claim:,root,48,"{""A"":""1000000"",""B"":""512"",""K"":""1"",""N"":""1000000"",""W"":""1000000"",""action"":""close"",""fixture"":""native_keyless_mmr"",""history_outputs"":""1024"",""operations"":""1001027"",""position"":""501026""}"
002-sizes-1000000-1000000-512-1,clearing empty payout epoch:,commit_opening,77,"{""W"":""0"",""commit_position"":""65538"",""history_outputs"":""65536"",""operations"":""65539""}"
002-sizes-1000000-1000000-512-1,clearing empty payout epoch:,root,48,"{""W"":""0"",""commit_position"":""65538"",""history_outputs"":""65536"",""operations"":""65539""}"
002-sizes-1000000-1000000-512-1,clearing withdrawal claim:,request,199,"{""A"":""1000000"",""B"":""512"",""K"":""1"",""N"":""1000000"",""W"":""1"",""action"":""amount"",""fixture"":""native_keyless_mmr"",""history_outputs"":""65536"",""operations"":""65540"",""position"":""65538""}"
002-sizes-1000000-1000000-512-1,clearing withdrawal claim:,output,30,"{""A"":""1000000"",""B"":""512"",""K"":""1"",""N"":""1000000"",""W"":""1"",""action"":""amount"",""fixture"":""native_keyless_mmr"",""history_outputs"":""65536"",""operations"":""65540"",""position"":""65538""}"
002-sizes-1000000-1000000-512-1,clearing withdrawal claim:,opening,109,"{""A"":""1000000"",""B"":""512"",""K"":""1"",""N"":""1000000"",""W"":""1"",""action"":""amount"",""fixture"":""native_keyless_mmr"",""history_outputs"":""65536"",""operations"":""65540"",""position"":""65538""}"
002-sizes-1000000-1000000-512-1,clearing withdrawal claim:,claim,139,"{""A"":""1000000"",""B"":""512"",""K"":""1"",""N"":""1000000"",""W"":""1"",""action"":""amount"",""fixture"":""native_keyless_mmr"",""history_outputs"":""65536"",""operations"":""65540"",""position"":""65538""}"
002-sizes-1000000-1000000-512-1,clearing withdrawal claim:,root,48,"{""A"":""1000000"",""B"":""512"",""K"":""1"",""N"":""1000000"",""W"":""1"",""action"":""amount"",""fixture"":""native_keyless_mmr"",""history_outputs"":""65536"",""operations"":""65540"",""position"":""65538""}"
002-sizes-1000000-1000000-512-1,clearing withdrawal claim:,request,191,"{""A"":""1000000"",""B"":""512"",""K"":""1"",""N"":""1000000"",""W"":""1"",""action"":""close"",""fixture"":""native_keyless_mmr"",""history_outputs"":""65536"",""operations"":""65540"",""position"":""65538""}"
002-sizes-1000000-1000000-512-1,clearing withdrawal claim:,output,30,"{""A"":""1000000"",""B"":""512"",""K"":""1"",""N"":""1000000"",""W"":""1"",""action"":""close"",""fixture"":""native_keyless_mmr"",""history_outputs"":""65536"",""operations"":""65540"",""position"":""65538""}"
002-sizes-1000000-1000000-512-1,clearing withdrawal claim:,opening,109,"{""A"":""1000000"",""B"":""512"",""K"":""1"",""N"":""1000000"",""W"":""1"",""action"":""close"",""fixture"":""native_keyless_mmr"",""history_outputs"":""65536"",""operations"":""65540"",""position"":""65538""}"
002-sizes-1000000-1000000-512-1,clearing withdrawal claim:,claim,139,"{""A"":""1000000"",""B"":""512"",""K"":""1"",""N"":""1000000"",""W"":""1"",""action"":""close"",""fixture"":""native_keyless_mmr"",""history_outputs"":""65536"",""operations"":""65540"",""position"":""65538""}"
002-sizes-1000000-1000000-512-1,clearing withdrawal claim:,root,48,"{""A"":""1000000"",""B"":""512"",""K"":""1"",""N"":""1000000"",""W"":""1"",""action"":""close"",""fixture"":""native_keyless_mmr"",""history_outputs"":""65536"",""operations"":""65540"",""position"":""65538""}"
002-sizes-1000000-1000000-512-1,clearing withdrawal claim:,request,199,"{""A"":""1000000"",""B"":""512"",""K"":""1"",""N"":""1000000"",""W"":""1000000"",""action"":""amount"",""fixture"":""native_keyless_mmr"",""history_outputs"":""65536"",""operations"":""1065539"",""position"":""565538""}"
002-sizes-1000000-1000000-512-1,clearing withdrawal claim:,output,30,"{""A"":""1000000"",""B"":""512"",""K"":""1"",""N"":""1000000"",""W"":""1000000"",""action"":""amount"",""fixture"":""native_keyless_mmr"",""history_outputs"":""65536"",""operations"":""1065539"",""position"":""565538""}"
002-sizes-1000000-1000000-512-1,clearing withdrawal claim:,opening,685,"{""A"":""1000000"",""B"":""512"",""K"":""1"",""N"":""1000000"",""W"":""1000000"",""action"":""amount"",""fixture"":""native_keyless_mmr"",""history_outputs"":""65536"",""operations"":""1065539"",""position"":""565538""}"
002-sizes-1000000-1000000-512-1,clearing withdrawal claim:,claim,715,"{""A"":""1000000"",""B"":""512"",""K"":""1"",""N"":""1000000"",""W"":""1000000"",""action"":""amount"",""fixture"":""native_keyless_mmr"",""history_outputs"":""65536"",""operations"":""1065539"",""position"":""565538""}"
002-sizes-1000000-1000000-512-1,clearing withdrawal claim:,root,48,"{""A"":""1000000"",""B"":""512"",""K"":""1"",""N"":""1000000"",""W"":""1000000"",""action"":""amount"",""fixture"":""native_keyless_mmr"",""history_outputs"":""65536"",""operations"":""1065539"",""position"":""565538""}"
002-sizes-1000000-1000000-512-1,clearing withdrawal claim:,request,191,"{""A"":""1000000"",""B"":""512"",""K"":""1"",""N"":""1000000"",""W"":""1000000"",""action"":""close"",""fixture"":""native_keyless_mmr"",""history_outputs"":""65536"",""operations"":""1065539"",""position"":""565538""}"
002-sizes-1000000-1000000-512-1,clearing withdrawal claim:,output,30,"{""A"":""1000000"",""B"":""512"",""K"":""1"",""N"":""1000000"",""W"":""1000000"",""action"":""close"",""fixture"":""native_keyless_mmr"",""history_outputs"":""65536"",""operations"":""1065539"",""position"":""565538""}"
002-sizes-1000000-1000000-512-1,clearing withdrawal claim:,opening,685,"{""A"":""1000000"",""B"":""512"",""K"":""1"",""N"":""1000000"",""W"":""1000000"",""action"":""close"",""fixture"":""native_keyless_mmr"",""history_outputs"":""65536"",""operations"":""1065539"",""position"":""565538""}"
002-sizes-1000000-1000000-512-1,clearing withdrawal claim:,claim,715,"{""A"":""1000000"",""B"":""512"",""K"":""1"",""N"":""1000000"",""W"":""1000000"",""action"":""close"",""fixture"":""native_keyless_mmr"",""history_outputs"":""65536"",""operations"":""1065539"",""position"":""565538""}"
002-sizes-1000000-1000000-512-1,clearing withdrawal claim:,root,48,"{""A"":""1000000"",""B"":""512"",""K"":""1"",""N"":""1000000"",""W"":""1000000"",""action"":""close"",""fixture"":""native_keyless_mmr"",""history_outputs"":""65536"",""operations"":""1065539"",""position"":""565538""}"
002-sizes-1000000-1000000-512-1,clearing current proofs:,state_root,32,"{""A"":""1000000"",""B"":""512"",""K"":""1"",""N"":""1000000"",""context"":""predecessor"",""family"":""MMB""}"
002-sizes-1000000-1000000-512-1,clearing current proofs:,forced_recovery_opening,850,"{""A"":""1000000"",""B"":""512"",""K"":""1"",""N"":""1000000"",""context"":""predecessor"",""family"":""MMB""}"
002-sizes-1000000-1000000-512-1,clearing current proofs:,membership_proof,810,"{""A"":""1000000"",""B"":""512"",""K"":""1"",""N"":""1000000"",""context"":""predecessor"",""family"":""MMB""}"
002-sizes-1000000-1000000-512-1,clearing current proofs:,membership_lookup,819,"{""A"":""1000000"",""B"":""512"",""K"":""1"",""N"":""1000000"",""context"":""predecessor"",""family"":""MMB""}"
002-sizes-1000000-1000000-512-1,clearing current proofs:,exclusion_proof,851,"{""A"":""1000000"",""B"":""512"",""K"":""1"",""N"":""1000000"",""context"":""predecessor"",""family"":""MMB""}"
002-sizes-1000000-1000000-512-1,clearing current proofs:,exclusion_lookup,852,"{""A"":""1000000"",""B"":""512"",""K"":""1"",""N"":""1000000"",""context"":""predecessor"",""family"":""MMB""}"
002-sizes-1000000-1000000-512-1,clearing challenge:,challenge,943,"{""A"":""1000000"",""B"":""512"",""K"":""1"",""N"":""1000000"",""kind"":""debit""}"
002-sizes-1000000-1000000-512-1,clearing challenge:,challenge,994,"{""A"":""1000000"",""B"":""512"",""K"":""1"",""N"":""1000000"",""kind"":""entry""}"
002-sizes-1000000-1000000-512-1,clearing challenge:,challenge,417,"{""A"":""1000000"",""B"":""512"",""K"":""1"",""N"":""1000000"",""kind"":""fork""}"
002-sizes-1000000-1000000-512-1,clearing current proofs:,state_root,32,"{""A"":""1000000"",""B"":""512"",""K"":""1"",""N"":""1000000"",""context"":""successor_after_apply"",""family"":""MMB""}"
002-sizes-1000000-1000000-512-1,clearing current proofs:,forced_recovery_opening,884,"{""A"":""1000000"",""B"":""512"",""K"":""1"",""N"":""1000000"",""context"":""successor_after_apply"",""family"":""MMB""}"
002-sizes-1000000-1000000-512-1,clearing current proofs:,membership_proof,844,"{""A"":""1000000"",""B"":""512"",""K"":""1"",""N"":""1000000"",""context"":""successor_after_apply"",""family"":""MMB""}"
002-sizes-1000000-1000000-512-1,clearing current proofs:,membership_lookup,853,"{""A"":""1000000"",""B"":""512"",""K"":""1"",""N"":""1000000"",""context"":""successor_after_apply"",""family"":""MMB""}"
002-sizes-1000000-1000000-512-1,clearing current proofs:,exclusion_proof,885,"{""A"":""1000000"",""B"":""512"",""K"":""1"",""N"":""1000000"",""context"":""successor_after_apply"",""family"":""MMB""}"
002-sizes-1000000-1000000-512-1,clearing current proofs:,exclusion_lookup,886,"{""A"":""1000000"",""B"":""512"",""K"":""1"",""N"":""1000000"",""context"":""successor_after_apply"",""family"":""MMB""}"
002-sizes-1000000-1000000-512-1,clearing current proofs:,state_root,32,"{""A"":""1000000"",""B"":""512"",""K"":""1"",""N"":""1000000"",""context"":""historical_predecessor_after_apply"",""family"":""MMB""}"
002-sizes-1000000-1000000-512-1,clearing current proofs:,forced_recovery_opening,850,"{""A"":""1000000"",""B"":""512"",""K"":""1"",""N"":""1000000"",""context"":""historical_predecessor_after_apply"",""family"":""MMB""}"
002-sizes-1000000-1000000-512-1,clearing current proofs:,membership_proof,810,"{""A"":""1000000"",""B"":""512"",""K"":""1"",""N"":""1000000"",""context"":""historical_predecessor_after_apply"",""family"":""MMB""}"
002-sizes-1000000-1000000-512-1,clearing current proofs:,membership_lookup,819,"{""A"":""1000000"",""B"":""512"",""K"":""1"",""N"":""1000000"",""context"":""historical_predecessor_after_apply"",""family"":""MMB""}"
002-sizes-1000000-1000000-512-1,clearing current proofs:,exclusion_proof,851,"{""A"":""1000000"",""B"":""512"",""K"":""1"",""N"":""1000000"",""context"":""historical_predecessor_after_apply"",""family"":""MMB""}"
002-sizes-1000000-1000000-512-1,clearing current proofs:,exclusion_lookup,852,"{""A"":""1000000"",""B"":""512"",""K"":""1"",""N"":""1000000"",""context"":""historical_predecessor_after_apply"",""family"":""MMB""}"
002-sizes-1000000-1000000-512-1,clearing omitted payer:,activity_absence,769,"{""A"":""1000000"",""B"":""512"",""K"":""1"",""N"":""1000000"",""activity_rows"":""999999""}"
002-sizes-1000000-1000000-512-1,clearing omitted payer:,challenge,978,"{""A"":""1000000"",""B"":""512"",""K"":""1"",""N"":""1000000"",""activity_rows"":""999999""}"
002-sizes-1000000-1000000-512-1,clearing calculator parity:,rows,1,"{""A"":""0"",""E"":""0"",""K"":""1"",""N"":""256"",""S"":""0"",""graph"":""sparse_first_last""}"
002-sizes-1000000-1000000-512-1,clearing calculator parity:,signatures,0,"{""A"":""0"",""E"":""0"",""K"":""1"",""N"":""256"",""S"":""0"",""graph"":""sparse_first_last""}"
002-sizes-1000000-1000000-512-1,clearing calculator parity:,entries,0,"{""A"":""0"",""E"":""0"",""K"":""1"",""N"":""256"",""S"":""0"",""graph"":""sparse_first_last""}"
002-sizes-1000000-1000000-512-1,clearing calculator parity:,operator,1,"{""A"":""0"",""E"":""0"",""K"":""1"",""N"":""256"",""S"":""0"",""graph"":""sparse_first_last""}"
002-sizes-1000000-1000000-512-1,clearing calculator parity:,dealing,2,"{""A"":""0"",""E"":""0"",""K"":""1"",""N"":""256"",""S"":""0"",""graph"":""sparse_first_last""}"
002-sizes-1000000-1000000-512-1,clearing calculator parity:,rows,68,"{""A"":""2"",""E"":""1"",""K"":""1"",""N"":""256"",""S"":""1"",""graph"":""sparse_first_last""}"
002-sizes-1000000-1000000-512-1,clearing calculator parity:,signatures,64,"{""A"":""2"",""E"":""1"",""K"":""1"",""N"":""256"",""S"":""1"",""graph"":""sparse_first_last""}"
002-sizes-1000000-1000000-512-1,clearing calculator parity:,entries,5,"{""A"":""2"",""E"":""1"",""K"":""1"",""N"":""256"",""S"":""1"",""graph"":""sparse_first_last""}"
002-sizes-1000000-1000000-512-1,clearing calculator parity:,operator,49,"{""A"":""2"",""E"":""1"",""K"":""1"",""N"":""256"",""S"":""1"",""graph"":""sparse_first_last""}"
002-sizes-1000000-1000000-512-1,clearing calculator parity:,dealing,186,"{""A"":""2"",""E"":""1"",""K"":""1"",""N"":""256"",""S"":""1"",""graph"":""sparse_first_last""}"
002-sizes-1000000-1000000-512-1,clearing calculator parity:,rows,4222,"{""A"":""126"",""E"":""63"",""K"":""1"",""N"":""256"",""S"":""63"",""graph"":""sparse_first_last""}"
002-sizes-1000000-1000000-512-1,clearing calculator parity:,signatures,4032,"{""A"":""126"",""E"":""63"",""K"":""1"",""N"":""256"",""S"":""63"",""graph"":""sparse_first_last""}"
002-sizes-1000000-1000000-512-1,clearing calculator parity:,entries,315,"{""A"":""126"",""E"":""63"",""K"":""1"",""N"":""256"",""S"":""63"",""graph"":""sparse_first_last""}"
002-sizes-1000000-1000000-512-1,clearing calculator parity:,operator,49,"{""A"":""126"",""E"":""63"",""K"":""1"",""N"":""256"",""S"":""63"",""graph"":""sparse_first_last""}"
002-sizes-1000000-1000000-512-1,clearing calculator parity:,dealing,8618,"{""A"":""126"",""E"":""63"",""K"":""1"",""N"":""256"",""S"":""63"",""graph"":""sparse_first_last""}"
002-sizes-1000000-1000000-512-1,clearing calculator parity:,rows,4290,"{""A"":""128"",""E"":""64"",""K"":""1"",""N"":""256"",""S"":""64"",""graph"":""sparse_first_last""}"
002-sizes-1000000-1000000-512-1,clearing calculator parity:,signatures,4096,"{""A"":""128"",""E"":""64"",""K"":""1"",""N"":""256"",""S"":""64"",""graph"":""sparse_first_last""}"
002-sizes-1000000-1000000-512-1,clearing calculator parity:,entries,320,"{""A"":""128"",""E"":""64"",""K"":""1"",""N"":""256"",""S"":""64"",""graph"":""sparse_first_last""}"
002-sizes-1000000-1000000-512-1,clearing calculator parity:,operator,49,"{""A"":""128"",""E"":""64"",""K"":""1"",""N"":""256"",""S"":""64"",""graph"":""sparse_first_last""}"
002-sizes-1000000-1000000-512-1,clearing calculator parity:,dealing,8755,"{""A"":""128"",""E"":""64"",""K"":""1"",""N"":""256"",""S"":""64"",""graph"":""sparse_first_last""}"
002-sizes-1000000-1000000-512-1,clearing calculator parity:,rows,4357,"{""A"":""130"",""E"":""65"",""K"":""1"",""N"":""256"",""S"":""65"",""graph"":""sparse_first_last""}"
002-sizes-1000000-1000000-512-1,clearing calculator parity:,signatures,4160,"{""A"":""130"",""E"":""65"",""K"":""1"",""N"":""256"",""S"":""65"",""graph"":""sparse_first_last""}"
002-sizes-1000000-1000000-512-1,clearing calculator parity:,entries,327,"{""A"":""130"",""E"":""65"",""K"":""1"",""N"":""256"",""S"":""65"",""graph"":""sparse_first_last""}"
002-sizes-1000000-1000000-512-1,clearing calculator parity:,operator,49,"{""A"":""130"",""E"":""65"",""K"":""1"",""N"":""256"",""S"":""65"",""graph"":""sparse_first_last""}"
002-sizes-1000000-1000000-512-1,clearing calculator parity:,dealing,8893,"{""A"":""130"",""E"":""65"",""K"":""1"",""N"":""256"",""S"":""65"",""graph"":""sparse_first_last""}"
002-sizes-1000000-1000000-512-1,clearing calculator parity:,rows,8511,"{""A"":""254"",""E"":""127"",""K"":""1"",""N"":""256"",""S"":""127"",""graph"":""sparse_first_last""}"
002-sizes-1000000-1000000-512-1,clearing calculator parity:,signatures,8128,"{""A"":""254"",""E"":""127"",""K"":""1"",""N"":""256"",""S"":""127"",""graph"":""sparse_first_last""}"
002-sizes-1000000-1000000-512-1,clearing calculator parity:,entries,761,"{""A"":""254"",""E"":""127"",""K"":""1"",""N"":""256"",""S"":""127"",""graph"":""sparse_first_last""}"
002-sizes-1000000-1000000-512-1,clearing calculator parity:,operator,49,"{""A"":""254"",""E"":""127"",""K"":""1"",""N"":""256"",""S"":""127"",""graph"":""sparse_first_last""}"
002-sizes-1000000-1000000-512-1,clearing calculator parity:,dealing,17449,"{""A"":""254"",""E"":""127"",""K"":""1"",""N"":""256"",""S"":""127"",""graph"":""sparse_first_last""}"
002-sizes-1000000-1000000-512-1,clearing calculator parity:,rows,8578,"{""A"":""256"",""E"":""128"",""K"":""1"",""N"":""256"",""S"":""128"",""graph"":""sparse_first_last""}"
002-sizes-1000000-1000000-512-1,clearing calculator parity:,signatures,8192,"{""A"":""256"",""E"":""128"",""K"":""1"",""N"":""256"",""S"":""128"",""graph"":""sparse_first_last""}"
002-sizes-1000000-1000000-512-1,clearing calculator parity:,entries,768,"{""A"":""256"",""E"":""128"",""K"":""1"",""N"":""256"",""S"":""128"",""graph"":""sparse_first_last""}"
002-sizes-1000000-1000000-512-1,clearing calculator parity:,operator,49,"{""A"":""256"",""E"":""128"",""K"":""1"",""N"":""256"",""S"":""128"",""graph"":""sparse_first_last""}"
002-sizes-1000000-1000000-512-1,clearing calculator parity:,dealing,17587,"{""A"":""256"",""E"":""128"",""K"":""1"",""N"":""256"",""S"":""128"",""graph"":""sparse_first_last""}"
002-sizes-1000000-1000000-512-1,clearing calculator parity:,rows,8579,"{""A"":""256"",""E"":""129"",""K"":""1"",""N"":""256"",""S"":""129"",""graph"":""sparse_first_last""}"
002-sizes-1000000-1000000-512-1,clearing calculator parity:,signatures,8256,"{""A"":""256"",""E"":""129"",""K"":""1"",""N"":""256"",""S"":""129"",""graph"":""sparse_first_last""}"
002-sizes-1000000-1000000-512-1,clearing calculator parity:,entries,771,"{""A"":""256"",""E"":""129"",""K"":""1"",""N"":""256"",""S"":""129"",""graph"":""sparse_first_last""}"
002-sizes-1000000-1000000-512-1,clearing calculator parity:,operator,49,"{""A"":""256"",""E"":""129"",""K"":""1"",""N"":""256"",""S"":""129"",""graph"":""sparse_first_last""}"
002-sizes-1000000-1000000-512-1,clearing calculator parity:,dealing,17655,"{""A"":""256"",""E"":""129"",""K"":""1"",""N"":""256"",""S"":""129"",""graph"":""sparse_first_last""}"
002-sizes-1000000-1000000-512-1,clearing calculator parity:,rows,8705,"{""A"":""256"",""E"":""255"",""K"":""1"",""N"":""256"",""S"":""255"",""graph"":""sparse_first_last""}"
002-sizes-1000000-1000000-512-1,clearing calculator parity:,signatures,16320,"{""A"":""256"",""E"":""255"",""K"":""1"",""N"":""256"",""S"":""255"",""graph"":""sparse_first_last""}"
002-sizes-1000000-1000000-512-1,clearing calculator parity:,entries,1149,"{""A"":""256"",""E"":""255"",""K"":""1"",""N"":""256"",""S"":""255"",""graph"":""sparse_first_last""}"
002-sizes-1000000-1000000-512-1,clearing calculator parity:,operator,49,"{""A"":""256"",""E"":""255"",""K"":""1"",""N"":""256"",""S"":""255"",""graph"":""sparse_first_last""}"
002-sizes-1000000-1000000-512-1,clearing calculator parity:,dealing,26223,"{""A"":""256"",""E"":""255"",""K"":""1"",""N"":""256"",""S"":""255"",""graph"":""sparse_first_last""}"
002-sizes-1000000-1000000-512-1,clearing calculator parity:,rows,8706,"{""A"":""256"",""E"":""256"",""K"":""1"",""N"":""256"",""S"":""256"",""graph"":""cyclic""}"
002-sizes-1000000-1000000-512-1,clearing calculator parity:,signatures,16384,"{""A"":""256"",""E"":""256"",""K"":""1"",""N"":""256"",""S"":""256"",""graph"":""cyclic""}"
002-sizes-1000000-1000000-512-1,clearing calculator parity:,entries,1152,"{""A"":""256"",""E"":""256"",""K"":""1"",""N"":""256"",""S"":""256"",""graph"":""cyclic""}"
002-sizes-1000000-1000000-512-1,clearing calculator parity:,operator,49,"{""A"":""256"",""E"":""256"",""K"":""1"",""N"":""256"",""S"":""256"",""graph"":""cyclic""}"
002-sizes-1000000-1000000-512-1,clearing calculator parity:,dealing,26291,"{""A"":""256"",""E"":""256"",""K"":""1"",""N"":""256"",""S"":""256"",""graph"":""cyclic""}"
002-sizes-1000000-1000000-512-1,clearing calculator parity:,rows,8706,"{""A"":""256"",""E"":""32512"",""K"":""127"",""N"":""256"",""S"":""256"",""graph"":""cyclic""}"
002-sizes-1000000-1000000-512-1,clearing calculator parity:,signatures,16384,"{""A"":""256"",""E"":""32512"",""K"":""127"",""N"":""256"",""S"":""256"",""graph"":""cyclic""}"
002-sizes-1000000-1000000-512-1,clearing calculator parity:,entries,114048,"{""A"":""256"",""E"":""32512"",""K"":""127"",""N"":""256"",""S"":""256"",""graph"":""cyclic""}"
002-sizes-1000000-1000000-512-1,clearing calculator parity:,operator,49,"{""A"":""256"",""E"":""32512"",""K"":""127"",""N"":""256"",""S"":""256"",""graph"":""cyclic""}"
002-sizes-1000000-1000000-512-1,clearing calculator parity:,dealing,139187,"{""A"":""256"",""E"":""32512"",""K"":""127"",""N"":""256"",""S"":""256"",""graph"":""cyclic""}"
002-sizes-1000000-1000000-512-1,clearing calculator parity:,rows,8706,"{""A"":""256"",""E"":""32768"",""K"":""128"",""N"":""256"",""S"":""256"",""graph"":""cyclic""}"
002-sizes-1000000-1000000-512-1,clearing calculator parity:,signatures,16384,"{""A"":""256"",""E"":""32768"",""K"":""128"",""N"":""256"",""S"":""256"",""graph"":""cyclic""}"
002-sizes-1000000-1000000-512-1,clearing calculator parity:,entries,115200,"{""A"":""256"",""E"":""32768"",""K"":""128"",""N"":""256"",""S"":""256"",""graph"":""cyclic""}"
002-sizes-1000000-1000000-512-1,clearing calculator parity:,operator,49,"{""A"":""256"",""E"":""32768"",""K"":""128"",""N"":""256"",""S"":""256"",""graph"":""cyclic""}"
002-sizes-1000000-1000000-512-1,clearing calculator parity:,dealing,140339,"{""A"":""256"",""E"":""32768"",""K"":""128"",""N"":""256"",""S"":""256"",""graph"":""cyclic""}"
002-sizes-1000000-1000000-512-1,clearing calculator parity:,rows,548867,"{""A"":""16384"",""E"":""8192"",""K"":""1"",""N"":""16385"",""S"":""8192"",""graph"":""sparse_first_last""}"
002-sizes-1000000-1000000-512-1,clearing calculator parity:,signatures,524288,"{""A"":""16384"",""E"":""8192"",""K"":""1"",""N"":""16385"",""S"":""8192"",""graph"":""sparse_first_last""}"
002-sizes-1000000-1000000-512-1,clearing calculator parity:,entries,49152,"{""A"":""16384"",""E"":""8192"",""K"":""1"",""N"":""16385"",""S"":""8192"",""graph"":""sparse_first_last""}"
002-sizes-1000000-1000000-512-1,clearing calculator parity:,operator,49,"{""A"":""16384"",""E"":""8192"",""K"":""1"",""N"":""16385"",""S"":""8192"",""graph"":""sparse_first_last""}"
002-sizes-1000000-1000000-512-1,clearing calculator parity:,dealing,1122356,"{""A"":""16384"",""E"":""8192"",""K"":""1"",""N"":""16385"",""S"":""8192"",""graph"":""sparse_first_last""}"
002-sizes-1000000-1000000-512-1,clearing calculator parity:,rows,548901,"{""A"":""16385"",""E"":""8193"",""K"":""1"",""N"":""16385"",""S"":""8193"",""graph"":""sparse_first_last""}"
002-sizes-1000000-1000000-512-1,clearing calculator parity:,signatures,524352,"{""A"":""16385"",""E"":""8193"",""K"":""1"",""N"":""16385"",""S"":""8193"",""graph"":""sparse_first_last""}"
002-sizes-1000000-1000000-512-1,clearing calculator parity:,entries,49158,"{""A"":""16385"",""E"":""8193"",""K"":""1"",""N"":""16385"",""S"":""8193"",""graph"":""sparse_first_last""}"
002-sizes-1000000-1000000-512-1,clearing calculator parity:,operator,49,"{""A"":""16385"",""E"":""8193"",""K"":""1"",""N"":""16385"",""S"":""8193"",""graph"":""sparse_first_last""}"
002-sizes-1000000-1000000-512-1,clearing calculator parity:,dealing,1122460,"{""A"":""16385"",""E"":""8193"",""K"":""1"",""N"":""16385"",""S"":""8193"",""graph"":""sparse_first_last""}"
002-sizes-1000000-1000000-512-1,clearing calculator parity:,rows,557093,"{""A"":""16385"",""E"":""16385"",""K"":""1"",""N"":""16385"",""S"":""16385"",""graph"":""cyclic""}"
002-sizes-1000000-1000000-512-1,clearing calculator parity:,signatures,1048640,"{""A"":""16385"",""E"":""16385"",""K"":""1"",""N"":""16385"",""S"":""16385"",""graph"":""cyclic""}"
002-sizes-1000000-1000000-512-1,clearing calculator parity:,entries,81798,"{""A"":""16385"",""E"":""16385"",""K"":""1"",""N"":""16385"",""S"":""16385"",""graph"":""cyclic""}"
002-sizes-1000000-1000000-512-1,clearing calculator parity:,operator,49,"{""A"":""16385"",""E"":""16385"",""K"":""1"",""N"":""16385"",""S"":""16385"",""graph"":""cyclic""}"
002-sizes-1000000-1000000-512-1,clearing calculator parity:,dealing,1687580,"{""A"":""16385"",""E"":""16385"",""K"":""1"",""N"":""16385"",""S"":""16385"",""graph"":""cyclic""}"
003-sizes-1000000-1024-512-1,clearing activity disclosure:,core,16,"{""A"":""1024"",""B"":""512"",""K"":""1"",""N"":""1000000""}"
003-sizes-1000000-1024-512-1,clearing activity disclosure:,value,48,"{""A"":""1024"",""B"":""512"",""K"":""1"",""N"":""1000000""}"
003-sizes-1000000-1024-512-1,clearing activity disclosure:,account_change,80,"{""A"":""1024"",""B"":""512"",""K"":""1"",""N"":""1000000""}"
003-sizes-1000000-1024-512-1,clearing sizes:,identical_dealing,105267,"{""A"":""1024"",""B"":""512"",""E"":""1024"",""K"":""1"",""N"":""1000000"",""rows"":""1024"",""validators"":""100""}"
003-sizes-1000000-1024-512-1,clearing sizes:,dealt_egress,10526700,"{""A"":""1024"",""B"":""512"",""E"":""1024"",""K"":""1"",""N"":""1000000"",""rows"":""1024"",""validators"":""100""}"
003-sizes-1000000-1024-512-1,clearing sizes:,integrated_commitment,32,"{""A"":""1024"",""B"":""512"",""E"":""1024"",""K"":""1"",""N"":""1000000"",""rows"":""1024"",""validators"":""100""}"
003-sizes-1000000-1024-512-1,clearing sizes:,root_bundle,184,"{""A"":""1024"",""B"":""512"",""E"":""1024"",""K"":""1"",""N"":""1000000"",""rows"":""1024"",""validators"":""100""}"
003-sizes-1000000-1024-512-1,clearing sizes:,withdrawal_total,8,"{""A"":""1024"",""B"":""512"",""E"":""1024"",""K"":""1"",""N"":""1000000"",""rows"":""1024"",""validators"":""100""}"
003-sizes-1000000-1024-512-1,clearing sizes:,descriptor,192,"{""A"":""1024"",""B"":""512"",""E"":""1024"",""K"":""1"",""N"":""1000000"",""rows"":""1024"",""validators"":""100""}"
003-sizes-1000000-1024-512-1,clearing sizes:,certificate,69,"{""A"":""1024"",""B"":""512"",""E"":""1024"",""K"":""1"",""N"":""1000000"",""rows"":""1024"",""validators"":""100""}"
003-sizes-1000000-1024-512-1,clearing sizes:,header_certificate,101,"{""A"":""1024"",""B"":""512"",""E"":""1024"",""K"":""1"",""N"":""1000000"",""rows"":""1024"",""validators"":""100""}"
003-sizes-1000000-1024-512-1,clearing sizes:,header_roots_withdrawal_total_certificate,293,"{""A"":""1024"",""B"":""512"",""E"":""1024"",""K"":""1"",""N"":""1000000"",""rows"":""1024"",""validators"":""100""}"
003-sizes-1000000-1024-512-1,clearing sizes:,entry_receipt,305,"{""A"":""1024"",""B"":""512"",""E"":""1024"",""K"":""1"",""N"":""1000000"",""rows"":""1024"",""validators"":""100""}"
003-sizes-1000000-1024-512-1,clearing empty payout epoch:,commit_opening,43,"{""W"":""0"",""commit_position"":""1"",""history_outputs"":""0"",""operations"":""2""}"
003-sizes-1000000-1024-512-1,clearing empty payout epoch:,root,48,"{""W"":""0"",""commit_position"":""1"",""history_outputs"":""0"",""operations"":""2""}"
003-sizes-1000000-1024-512-1,clearing withdrawal claim:,request,199,"{""A"":""1024"",""B"":""512"",""K"":""1"",""N"":""1000000"",""W"":""1"",""action"":""amount"",""fixture"":""native_keyless_mmr"",""history_outputs"":""0"",""operations"":""3"",""position"":""1""}"
003-sizes-1000000-1024-512-1,clearing withdrawal claim:,output,30,"{""A"":""1024"",""B"":""512"",""K"":""1"",""N"":""1000000"",""W"":""1"",""action"":""amount"",""fixture"":""native_keyless_mmr"",""history_outputs"":""0"",""operations"":""3"",""position"":""1""}"
003-sizes-1000000-1024-512-1,clearing withdrawal claim:,opening,75,"{""A"":""1024"",""B"":""512"",""K"":""1"",""N"":""1000000"",""W"":""1"",""action"":""amount"",""fixture"":""native_keyless_mmr"",""history_outputs"":""0"",""operations"":""3"",""position"":""1""}"
003-sizes-1000000-1024-512-1,clearing withdrawal claim:,claim,105,"{""A"":""1024"",""B"":""512"",""K"":""1"",""N"":""1000000"",""W"":""1"",""action"":""amount"",""fixture"":""native_keyless_mmr"",""history_outputs"":""0"",""operations"":""3"",""position"":""1""}"
003-sizes-1000000-1024-512-1,clearing withdrawal claim:,root,48,"{""A"":""1024"",""B"":""512"",""K"":""1"",""N"":""1000000"",""W"":""1"",""action"":""amount"",""fixture"":""native_keyless_mmr"",""history_outputs"":""0"",""operations"":""3"",""position"":""1""}"
003-sizes-1000000-1024-512-1,clearing withdrawal claim:,request,191,"{""A"":""1024"",""B"":""512"",""K"":""1"",""N"":""1000000"",""W"":""1"",""action"":""close"",""fixture"":""native_keyless_mmr"",""history_outputs"":""0"",""operations"":""3"",""position"":""1""}"
003-sizes-1000000-1024-512-1,clearing withdrawal claim:,output,30,"{""A"":""1024"",""B"":""512"",""K"":""1"",""N"":""1000000"",""W"":""1"",""action"":""close"",""fixture"":""native_keyless_mmr"",""history_outputs"":""0"",""operations"":""3"",""position"":""1""}"
003-sizes-1000000-1024-512-1,clearing withdrawal claim:,opening,75,"{""A"":""1024"",""B"":""512"",""K"":""1"",""N"":""1000000"",""W"":""1"",""action"":""close"",""fixture"":""native_keyless_mmr"",""history_outputs"":""0"",""operations"":""3"",""position"":""1""}"
003-sizes-1000000-1024-512-1,clearing withdrawal claim:,claim,105,"{""A"":""1024"",""B"":""512"",""K"":""1"",""N"":""1000000"",""W"":""1"",""action"":""close"",""fixture"":""native_keyless_mmr"",""history_outputs"":""0"",""operations"":""3"",""position"":""1""}"
003-sizes-1000000-1024-512-1,clearing withdrawal claim:,root,48,"{""A"":""1024"",""B"":""512"",""K"":""1"",""N"":""1000000"",""W"":""1"",""action"":""close"",""fixture"":""native_keyless_mmr"",""history_outputs"":""0"",""operations"":""3"",""position"":""1""}"
003-sizes-1000000-1024-512-1,clearing withdrawal claim:,request,199,"{""A"":""1024"",""B"":""512"",""K"":""1"",""N"":""1000000"",""W"":""1000000"",""action"":""amount"",""fixture"":""native_keyless_mmr"",""history_outputs"":""0"",""operations"":""1000002"",""position"":""500001""}"
003-sizes-1000000-1024-512-1,clearing withdrawal claim:,output,30,"{""A"":""1024"",""B"":""512"",""K"":""1"",""N"":""1000000"",""W"":""1000000"",""action"":""amount"",""fixture"":""native_keyless_mmr"",""history_outputs"":""0"",""operations"":""1000002"",""position"":""500001""}"
003-sizes-1000000-1024-512-1,clearing withdrawal claim:,opening,653,"{""A"":""1024"",""B"":""512"",""K"":""1"",""N"":""1000000"",""W"":""1000000"",""action"":""amount"",""fixture"":""native_keyless_mmr"",""history_outputs"":""0"",""operations"":""1000002"",""position"":""500001""}"
003-sizes-1000000-1024-512-1,clearing withdrawal claim:,claim,683,"{""A"":""1024"",""B"":""512"",""K"":""1"",""N"":""1000000"",""W"":""1000000"",""action"":""amount"",""fixture"":""native_keyless_mmr"",""history_outputs"":""0"",""operations"":""1000002"",""position"":""500001""}"
003-sizes-1000000-1024-512-1,clearing withdrawal claim:,root,48,"{""A"":""1024"",""B"":""512"",""K"":""1"",""N"":""1000000"",""W"":""1000000"",""action"":""amount"",""fixture"":""native_keyless_mmr"",""history_outputs"":""0"",""operations"":""1000002"",""position"":""500001""}"
003-sizes-1000000-1024-512-1,clearing withdrawal claim:,request,191,"{""A"":""1024"",""B"":""512"",""K"":""1"",""N"":""1000000"",""W"":""1000000"",""action"":""close"",""fixture"":""native_keyless_mmr"",""history_outputs"":""0"",""operations"":""1000002"",""position"":""500001""}"
003-sizes-1000000-1024-512-1,clearing withdrawal claim:,output,30,"{""A"":""1024"",""B"":""512"",""K"":""1"",""N"":""1000000"",""W"":""1000000"",""action"":""close"",""fixture"":""native_keyless_mmr"",""history_outputs"":""0"",""operations"":""1000002"",""position"":""500001""}"
003-sizes-1000000-1024-512-1,clearing withdrawal claim:,opening,653,"{""A"":""1024"",""B"":""512"",""K"":""1"",""N"":""1000000"",""W"":""1000000"",""action"":""close"",""fixture"":""native_keyless_mmr"",""history_outputs"":""0"",""operations"":""1000002"",""position"":""500001""}"
003-sizes-1000000-1024-512-1,clearing withdrawal claim:,claim,683,"{""A"":""1024"",""B"":""512"",""K"":""1"",""N"":""1000000"",""W"":""1000000"",""action"":""close"",""fixture"":""native_keyless_mmr"",""history_outputs"":""0"",""operations"":""1000002"",""position"":""500001""}"
003-sizes-1000000-1024-512-1,clearing withdrawal claim:,root,48,"{""A"":""1024"",""B"":""512"",""K"":""1"",""N"":""1000000"",""W"":""1000000"",""action"":""close"",""fixture"":""native_keyless_mmr"",""history_outputs"":""0"",""operations"":""1000002"",""position"":""500001""}"
003-sizes-1000000-1024-512-1,clearing empty payout epoch:,commit_opening,76,"{""W"":""0"",""commit_position"":""1026"",""history_outputs"":""1024"",""operations"":""1027""}"
003-sizes-1000000-1024-512-1,clearing empty payout epoch:,root,48,"{""W"":""0"",""commit_position"":""1026"",""history_outputs"":""1024"",""operations"":""1027""}"
003-sizes-1000000-1024-512-1,clearing withdrawal claim:,request,199,"{""A"":""1024"",""B"":""512"",""K"":""1"",""N"":""1000000"",""W"":""1"",""action"":""amount"",""fixture"":""native_keyless_mmr"",""history_outputs"":""1024"",""operations"":""1028"",""position"":""1026""}"
003-sizes-1000000-1024-512-1,clearing withdrawal claim:,output,30,"{""A"":""1024"",""B"":""512"",""K"":""1"",""N"":""1000000"",""W"":""1"",""action"":""amount"",""fixture"":""native_keyless_mmr"",""history_outputs"":""1024"",""operations"":""1028"",""position"":""1026""}"
003-sizes-1000000-1024-512-1,clearing withdrawal claim:,opening,108,"{""A"":""1024"",""B"":""512"",""K"":""1"",""N"":""1000000"",""W"":""1"",""action"":""amount"",""fixture"":""native_keyless_mmr"",""history_outputs"":""1024"",""operations"":""1028"",""position"":""1026""}"
003-sizes-1000000-1024-512-1,clearing withdrawal claim:,claim,138,"{""A"":""1024"",""B"":""512"",""K"":""1"",""N"":""1000000"",""W"":""1"",""action"":""amount"",""fixture"":""native_keyless_mmr"",""history_outputs"":""1024"",""operations"":""1028"",""position"":""1026""}"
003-sizes-1000000-1024-512-1,clearing withdrawal claim:,root,48,"{""A"":""1024"",""B"":""512"",""K"":""1"",""N"":""1000000"",""W"":""1"",""action"":""amount"",""fixture"":""native_keyless_mmr"",""history_outputs"":""1024"",""operations"":""1028"",""position"":""1026""}"
003-sizes-1000000-1024-512-1,clearing withdrawal claim:,request,191,"{""A"":""1024"",""B"":""512"",""K"":""1"",""N"":""1000000"",""W"":""1"",""action"":""close"",""fixture"":""native_keyless_mmr"",""history_outputs"":""1024"",""operations"":""1028"",""position"":""1026""}"
003-sizes-1000000-1024-512-1,clearing withdrawal claim:,output,30,"{""A"":""1024"",""B"":""512"",""K"":""1"",""N"":""1000000"",""W"":""1"",""action"":""close"",""fixture"":""native_keyless_mmr"",""history_outputs"":""1024"",""operations"":""1028"",""position"":""1026""}"
003-sizes-1000000-1024-512-1,clearing withdrawal claim:,opening,108,"{""A"":""1024"",""B"":""512"",""K"":""1"",""N"":""1000000"",""W"":""1"",""action"":""close"",""fixture"":""native_keyless_mmr"",""history_outputs"":""1024"",""operations"":""1028"",""position"":""1026""}"
003-sizes-1000000-1024-512-1,clearing withdrawal claim:,claim,138,"{""A"":""1024"",""B"":""512"",""K"":""1"",""N"":""1000000"",""W"":""1"",""action"":""close"",""fixture"":""native_keyless_mmr"",""history_outputs"":""1024"",""operations"":""1028"",""position"":""1026""}"
003-sizes-1000000-1024-512-1,clearing withdrawal claim:,root,48,"{""A"":""1024"",""B"":""512"",""K"":""1"",""N"":""1000000"",""W"":""1"",""action"":""close"",""fixture"":""native_keyless_mmr"",""history_outputs"":""1024"",""operations"":""1028"",""position"":""1026""}"
003-sizes-1000000-1024-512-1,clearing withdrawal claim:,request,199,"{""A"":""1024"",""B"":""512"",""K"":""1"",""N"":""1000000"",""W"":""1000000"",""action"":""amount"",""fixture"":""native_keyless_mmr"",""history_outputs"":""1024"",""operations"":""1001027"",""position"":""501026""}"
003-sizes-1000000-1024-512-1,clearing withdrawal claim:,output,30,"{""A"":""1024"",""B"":""512"",""K"":""1"",""N"":""1000000"",""W"":""1000000"",""action"":""amount"",""fixture"":""native_keyless_mmr"",""history_outputs"":""1024"",""operations"":""1001027"",""position"":""501026""}"
003-sizes-1000000-1024-512-1,clearing withdrawal claim:,opening,653,"{""A"":""1024"",""B"":""512"",""K"":""1"",""N"":""1000000"",""W"":""1000000"",""action"":""amount"",""fixture"":""native_keyless_mmr"",""history_outputs"":""1024"",""operations"":""1001027"",""position"":""501026""}"
003-sizes-1000000-1024-512-1,clearing withdrawal claim:,claim,683,"{""A"":""1024"",""B"":""512"",""K"":""1"",""N"":""1000000"",""W"":""1000000"",""action"":""amount"",""fixture"":""native_keyless_mmr"",""history_outputs"":""1024"",""operations"":""1001027"",""position"":""501026""}"
003-sizes-1000000-1024-512-1,clearing withdrawal claim:,root,48,"{""A"":""1024"",""B"":""512"",""K"":""1"",""N"":""1000000"",""W"":""1000000"",""action"":""amount"",""fixture"":""native_keyless_mmr"",""history_outputs"":""1024"",""operations"":""1001027"",""position"":""501026""}"
003-sizes-1000000-1024-512-1,clearing withdrawal claim:,request,191,"{""A"":""1024"",""B"":""512"",""K"":""1"",""N"":""1000000"",""W"":""1000000"",""action"":""close"",""fixture"":""native_keyless_mmr"",""history_outputs"":""1024"",""operations"":""1001027"",""position"":""501026""}"
003-sizes-1000000-1024-512-1,clearing withdrawal claim:,output,30,"{""A"":""1024"",""B"":""512"",""K"":""1"",""N"":""1000000"",""W"":""1000000"",""action"":""close"",""fixture"":""native_keyless_mmr"",""history_outputs"":""1024"",""operations"":""1001027"",""position"":""501026""}"
003-sizes-1000000-1024-512-1,clearing withdrawal claim:,opening,653,"{""A"":""1024"",""B"":""512"",""K"":""1"",""N"":""1000000"",""W"":""1000000"",""action"":""close"",""fixture"":""native_keyless_mmr"",""history_outputs"":""1024"",""operations"":""1001027"",""position"":""501026""}"
003-sizes-1000000-1024-512-1,clearing withdrawal claim:,claim,683,"{""A"":""1024"",""B"":""512"",""K"":""1"",""N"":""1000000"",""W"":""1000000"",""action"":""close"",""fixture"":""native_keyless_mmr"",""history_outputs"":""1024"",""operations"":""1001027"",""position"":""501026""}"
003-sizes-1000000-1024-512-1,clearing withdrawal claim:,root,48,"{""A"":""1024"",""B"":""512"",""K"":""1"",""N"":""1000000"",""W"":""1000000"",""action"":""close"",""fixture"":""native_keyless_mmr"",""history_outputs"":""1024"",""operations"":""1001027"",""position"":""501026""}"
003-sizes-1000000-1024-512-1,clearing empty payout epoch:,commit_opening,77,"{""W"":""0"",""commit_position"":""65538"",""history_outputs"":""65536"",""operations"":""65539""}"
003-sizes-1000000-1024-512-1,clearing empty payout epoch:,root,48,"{""W"":""0"",""commit_position"":""65538"",""history_outputs"":""65536"",""operations"":""65539""}"
003-sizes-1000000-1024-512-1,clearing withdrawal claim:,request,199,"{""A"":""1024"",""B"":""512"",""K"":""1"",""N"":""1000000"",""W"":""1"",""action"":""amount"",""fixture"":""native_keyless_mmr"",""history_outputs"":""65536"",""operations"":""65540"",""position"":""65538""}"
003-sizes-1000000-1024-512-1,clearing withdrawal claim:,output,30,"{""A"":""1024"",""B"":""512"",""K"":""1"",""N"":""1000000"",""W"":""1"",""action"":""amount"",""fixture"":""native_keyless_mmr"",""history_outputs"":""65536"",""operations"":""65540"",""position"":""65538""}"
003-sizes-1000000-1024-512-1,clearing withdrawal claim:,opening,109,"{""A"":""1024"",""B"":""512"",""K"":""1"",""N"":""1000000"",""W"":""1"",""action"":""amount"",""fixture"":""native_keyless_mmr"",""history_outputs"":""65536"",""operations"":""65540"",""position"":""65538""}"
003-sizes-1000000-1024-512-1,clearing withdrawal claim:,claim,139,"{""A"":""1024"",""B"":""512"",""K"":""1"",""N"":""1000000"",""W"":""1"",""action"":""amount"",""fixture"":""native_keyless_mmr"",""history_outputs"":""65536"",""operations"":""65540"",""position"":""65538""}"
003-sizes-1000000-1024-512-1,clearing withdrawal claim:,root,48,"{""A"":""1024"",""B"":""512"",""K"":""1"",""N"":""1000000"",""W"":""1"",""action"":""amount"",""fixture"":""native_keyless_mmr"",""history_outputs"":""65536"",""operations"":""65540"",""position"":""65538""}"
003-sizes-1000000-1024-512-1,clearing withdrawal claim:,request,191,"{""A"":""1024"",""B"":""512"",""K"":""1"",""N"":""1000000"",""W"":""1"",""action"":""close"",""fixture"":""native_keyless_mmr"",""history_outputs"":""65536"",""operations"":""65540"",""position"":""65538""}"
003-sizes-1000000-1024-512-1,clearing withdrawal claim:,output,30,"{""A"":""1024"",""B"":""512"",""K"":""1"",""N"":""1000000"",""W"":""1"",""action"":""close"",""fixture"":""native_keyless_mmr"",""history_outputs"":""65536"",""operations"":""65540"",""position"":""65538""}"
003-sizes-1000000-1024-512-1,clearing withdrawal claim:,opening,109,"{""A"":""1024"",""B"":""512"",""K"":""1"",""N"":""1000000"",""W"":""1"",""action"":""close"",""fixture"":""native_keyless_mmr"",""history_outputs"":""65536"",""operations"":""65540"",""position"":""65538""}"
003-sizes-1000000-1024-512-1,clearing withdrawal claim:,claim,139,"{""A"":""1024"",""B"":""512"",""K"":""1"",""N"":""1000000"",""W"":""1"",""action"":""close"",""fixture"":""native_keyless_mmr"",""history_outputs"":""65536"",""operations"":""65540"",""position"":""65538""}"
003-sizes-1000000-1024-512-1,clearing withdrawal claim:,root,48,"{""A"":""1024"",""B"":""512"",""K"":""1"",""N"":""1000000"",""W"":""1"",""action"":""close"",""fixture"":""native_keyless_mmr"",""history_outputs"":""65536"",""operations"":""65540"",""position"":""65538""}"
003-sizes-1000000-1024-512-1,clearing withdrawal claim:,request,199,"{""A"":""1024"",""B"":""512"",""K"":""1"",""N"":""1000000"",""W"":""1000000"",""action"":""amount"",""fixture"":""native_keyless_mmr"",""history_outputs"":""65536"",""operations"":""1065539"",""position"":""565538""}"
003-sizes-1000000-1024-512-1,clearing withdrawal claim:,output,30,"{""A"":""1024"",""B"":""512"",""K"":""1"",""N"":""1000000"",""W"":""1000000"",""action"":""amount"",""fixture"":""native_keyless_mmr"",""history_outputs"":""65536"",""operations"":""1065539"",""position"":""565538""}"
003-sizes-1000000-1024-512-1,clearing withdrawal claim:,opening,685,"{""A"":""1024"",""B"":""512"",""K"":""1"",""N"":""1000000"",""W"":""1000000"",""action"":""amount"",""fixture"":""native_keyless_mmr"",""history_outputs"":""65536"",""operations"":""1065539"",""position"":""565538""}"
003-sizes-1000000-1024-512-1,clearing withdrawal claim:,claim,715,"{""A"":""1024"",""B"":""512"",""K"":""1"",""N"":""1000000"",""W"":""1000000"",""action"":""amount"",""fixture"":""native_keyless_mmr"",""history_outputs"":""65536"",""operations"":""1065539"",""position"":""565538""}"
003-sizes-1000000-1024-512-1,clearing withdrawal claim:,root,48,"{""A"":""1024"",""B"":""512"",""K"":""1"",""N"":""1000000"",""W"":""1000000"",""action"":""amount"",""fixture"":""native_keyless_mmr"",""history_outputs"":""65536"",""operations"":""1065539"",""position"":""565538""}"
003-sizes-1000000-1024-512-1,clearing withdrawal claim:,request,191,"{""A"":""1024"",""B"":""512"",""K"":""1"",""N"":""1000000"",""W"":""1000000"",""action"":""close"",""fixture"":""native_keyless_mmr"",""history_outputs"":""65536"",""operations"":""1065539"",""position"":""565538""}"
003-sizes-1000000-1024-512-1,clearing withdrawal claim:,output,30,"{""A"":""1024"",""B"":""512"",""K"":""1"",""N"":""1000000"",""W"":""1000000"",""action"":""close"",""fixture"":""native_keyless_mmr"",""history_outputs"":""65536"",""operations"":""1065539"",""position"":""565538""}"
003-sizes-1000000-1024-512-1,clearing withdrawal claim:,opening,685,"{""A"":""1024"",""B"":""512"",""K"":""1"",""N"":""1000000"",""W"":""1000000"",""action"":""close"",""fixture"":""native_keyless_mmr"",""history_outputs"":""65536"",""operations"":""1065539"",""position"":""565538""}"
003-sizes-1000000-1024-512-1,clearing withdrawal claim:,claim,715,"{""A"":""1024"",""B"":""512"",""K"":""1"",""N"":""1000000"",""W"":""1000000"",""action"":""close"",""fixture"":""native_keyless_mmr"",""history_outputs"":""65536"",""operations"":""1065539"",""position"":""565538""}"
003-sizes-1000000-1024-512-1,clearing withdrawal claim:,root,48,"{""A"":""1024"",""B"":""512"",""K"":""1"",""N"":""1000000"",""W"":""1000000"",""action"":""close"",""fixture"":""native_keyless_mmr"",""history_outputs"":""65536"",""operations"":""1065539"",""position"":""565538""}"
003-sizes-1000000-1024-512-1,clearing current proofs:,state_root,32,"{""A"":""1024"",""B"":""512"",""K"":""1"",""N"":""1000000"",""context"":""predecessor"",""family"":""MMB""}"
003-sizes-1000000-1024-512-1,clearing current proofs:,forced_recovery_opening,850,"{""A"":""1024"",""B"":""512"",""K"":""1"",""N"":""1000000"",""context"":""predecessor"",""family"":""MMB""}"
003-sizes-1000000-1024-512-1,clearing current proofs:,membership_proof,810,"{""A"":""1024"",""B"":""512"",""K"":""1"",""N"":""1000000"",""context"":""predecessor"",""family"":""MMB""}"
003-sizes-1000000-1024-512-1,clearing current proofs:,membership_lookup,819,"{""A"":""1024"",""B"":""512"",""K"":""1"",""N"":""1000000"",""context"":""predecessor"",""family"":""MMB""}"
003-sizes-1000000-1024-512-1,clearing current proofs:,exclusion_proof,851,"{""A"":""1024"",""B"":""512"",""K"":""1"",""N"":""1000000"",""context"":""predecessor"",""family"":""MMB""}"
003-sizes-1000000-1024-512-1,clearing current proofs:,exclusion_lookup,852,"{""A"":""1024"",""B"":""512"",""K"":""1"",""N"":""1000000"",""context"":""predecessor"",""family"":""MMB""}"
003-sizes-1000000-1024-512-1,clearing challenge:,challenge,654,"{""A"":""1024"",""B"":""512"",""K"":""1"",""N"":""1000000"",""kind"":""debit""}"
003-sizes-1000000-1024-512-1,clearing challenge:,challenge,705,"{""A"":""1024"",""B"":""512"",""K"":""1"",""N"":""1000000"",""kind"":""entry""}"
003-sizes-1000000-1024-512-1,clearing challenge:,challenge,417,"{""A"":""1024"",""B"":""512"",""K"":""1"",""N"":""1000000"",""kind"":""fork""}"
003-sizes-1000000-1024-512-1,clearing current proofs:,state_root,32,"{""A"":""1024"",""B"":""512"",""K"":""1"",""N"":""1000000"",""context"":""successor_after_apply"",""family"":""MMB""}"
003-sizes-1000000-1024-512-1,clearing current proofs:,forced_recovery_opening,850,"{""A"":""1024"",""B"":""512"",""K"":""1"",""N"":""1000000"",""context"":""successor_after_apply"",""family"":""MMB""}"
003-sizes-1000000-1024-512-1,clearing current proofs:,membership_proof,810,"{""A"":""1024"",""B"":""512"",""K"":""1"",""N"":""1000000"",""context"":""successor_after_apply"",""family"":""MMB""}"
003-sizes-1000000-1024-512-1,clearing current proofs:,membership_lookup,819,"{""A"":""1024"",""B"":""512"",""K"":""1"",""N"":""1000000"",""context"":""successor_after_apply"",""family"":""MMB""}"
003-sizes-1000000-1024-512-1,clearing current proofs:,exclusion_proof,851,"{""A"":""1024"",""B"":""512"",""K"":""1"",""N"":""1000000"",""context"":""successor_after_apply"",""family"":""MMB""}"
003-sizes-1000000-1024-512-1,clearing current proofs:,exclusion_lookup,852,"{""A"":""1024"",""B"":""512"",""K"":""1"",""N"":""1000000"",""context"":""successor_after_apply"",""family"":""MMB""}"
003-sizes-1000000-1024-512-1,clearing current proofs:,state_root,32,"{""A"":""1024"",""B"":""512"",""K"":""1"",""N"":""1000000"",""context"":""historical_predecessor_after_apply"",""family"":""MMB""}"
003-sizes-1000000-1024-512-1,clearing current proofs:,forced_recovery_opening,850,"{""A"":""1024"",""B"":""512"",""K"":""1"",""N"":""1000000"",""context"":""historical_predecessor_after_apply"",""family"":""MMB""}"
003-sizes-1000000-1024-512-1,clearing current proofs:,membership_proof,810,"{""A"":""1024"",""B"":""512"",""K"":""1"",""N"":""1000000"",""context"":""historical_predecessor_after_apply"",""family"":""MMB""}"
003-sizes-1000000-1024-512-1,clearing current proofs:,membership_lookup,819,"{""A"":""1024"",""B"":""512"",""K"":""1"",""N"":""1000000"",""context"":""historical_predecessor_after_apply"",""family"":""MMB""}"
003-sizes-1000000-1024-512-1,clearing current proofs:,exclusion_proof,851,"{""A"":""1024"",""B"":""512"",""K"":""1"",""N"":""1000000"",""context"":""historical_predecessor_after_apply"",""family"":""MMB""}"
003-sizes-1000000-1024-512-1,clearing current proofs:,exclusion_lookup,852,"{""A"":""1024"",""B"":""512"",""K"":""1"",""N"":""1000000"",""context"":""historical_predecessor_after_apply"",""family"":""MMB""}"
003-sizes-1000000-1024-512-1,clearing omitted payer:,activity_absence,448,"{""A"":""1024"",""B"":""512"",""K"":""1"",""N"":""1000000"",""activity_rows"":""1023""}"
003-sizes-1000000-1024-512-1,clearing omitted payer:,challenge,657,"{""A"":""1024"",""B"":""512"",""K"":""1"",""N"":""1000000"",""activity_rows"":""1023""}"
003-sizes-1000000-1024-512-1,clearing calculator parity:,rows,1,"{""A"":""0"",""E"":""0"",""K"":""1"",""N"":""256"",""S"":""0"",""graph"":""sparse_first_last""}"
003-sizes-1000000-1024-512-1,clearing calculator parity:,signatures,0,"{""A"":""0"",""E"":""0"",""K"":""1"",""N"":""256"",""S"":""0"",""graph"":""sparse_first_last""}"
003-sizes-1000000-1024-512-1,clearing calculator parity:,entries,0,"{""A"":""0"",""E"":""0"",""K"":""1"",""N"":""256"",""S"":""0"",""graph"":""sparse_first_last""}"
003-sizes-1000000-1024-512-1,clearing calculator parity:,operator,1,"{""A"":""0"",""E"":""0"",""K"":""1"",""N"":""256"",""S"":""0"",""graph"":""sparse_first_last""}"
003-sizes-1000000-1024-512-1,clearing calculator parity:,dealing,2,"{""A"":""0"",""E"":""0"",""K"":""1"",""N"":""256"",""S"":""0"",""graph"":""sparse_first_last""}"
003-sizes-1000000-1024-512-1,clearing calculator parity:,rows,68,"{""A"":""2"",""E"":""1"",""K"":""1"",""N"":""256"",""S"":""1"",""graph"":""sparse_first_last""}"
003-sizes-1000000-1024-512-1,clearing calculator parity:,signatures,64,"{""A"":""2"",""E"":""1"",""K"":""1"",""N"":""256"",""S"":""1"",""graph"":""sparse_first_last""}"
003-sizes-1000000-1024-512-1,clearing calculator parity:,entries,5,"{""A"":""2"",""E"":""1"",""K"":""1"",""N"":""256"",""S"":""1"",""graph"":""sparse_first_last""}"
003-sizes-1000000-1024-512-1,clearing calculator parity:,operator,49,"{""A"":""2"",""E"":""1"",""K"":""1"",""N"":""256"",""S"":""1"",""graph"":""sparse_first_last""}"
003-sizes-1000000-1024-512-1,clearing calculator parity:,dealing,186,"{""A"":""2"",""E"":""1"",""K"":""1"",""N"":""256"",""S"":""1"",""graph"":""sparse_first_last""}"
003-sizes-1000000-1024-512-1,clearing calculator parity:,rows,4222,"{""A"":""126"",""E"":""63"",""K"":""1"",""N"":""256"",""S"":""63"",""graph"":""sparse_first_last""}"
003-sizes-1000000-1024-512-1,clearing calculator parity:,signatures,4032,"{""A"":""126"",""E"":""63"",""K"":""1"",""N"":""256"",""S"":""63"",""graph"":""sparse_first_last""}"
003-sizes-1000000-1024-512-1,clearing calculator parity:,entries,315,"{""A"":""126"",""E"":""63"",""K"":""1"",""N"":""256"",""S"":""63"",""graph"":""sparse_first_last""}"
003-sizes-1000000-1024-512-1,clearing calculator parity:,operator,49,"{""A"":""126"",""E"":""63"",""K"":""1"",""N"":""256"",""S"":""63"",""graph"":""sparse_first_last""}"
003-sizes-1000000-1024-512-1,clearing calculator parity:,dealing,8618,"{""A"":""126"",""E"":""63"",""K"":""1"",""N"":""256"",""S"":""63"",""graph"":""sparse_first_last""}"
003-sizes-1000000-1024-512-1,clearing calculator parity:,rows,4290,"{""A"":""128"",""E"":""64"",""K"":""1"",""N"":""256"",""S"":""64"",""graph"":""sparse_first_last""}"
003-sizes-1000000-1024-512-1,clearing calculator parity:,signatures,4096,"{""A"":""128"",""E"":""64"",""K"":""1"",""N"":""256"",""S"":""64"",""graph"":""sparse_first_last""}"
003-sizes-1000000-1024-512-1,clearing calculator parity:,entries,320,"{""A"":""128"",""E"":""64"",""K"":""1"",""N"":""256"",""S"":""64"",""graph"":""sparse_first_last""}"
003-sizes-1000000-1024-512-1,clearing calculator parity:,operator,49,"{""A"":""128"",""E"":""64"",""K"":""1"",""N"":""256"",""S"":""64"",""graph"":""sparse_first_last""}"
003-sizes-1000000-1024-512-1,clearing calculator parity:,dealing,8755,"{""A"":""128"",""E"":""64"",""K"":""1"",""N"":""256"",""S"":""64"",""graph"":""sparse_first_last""}"
003-sizes-1000000-1024-512-1,clearing calculator parity:,rows,4357,"{""A"":""130"",""E"":""65"",""K"":""1"",""N"":""256"",""S"":""65"",""graph"":""sparse_first_last""}"
003-sizes-1000000-1024-512-1,clearing calculator parity:,signatures,4160,"{""A"":""130"",""E"":""65"",""K"":""1"",""N"":""256"",""S"":""65"",""graph"":""sparse_first_last""}"
003-sizes-1000000-1024-512-1,clearing calculator parity:,entries,327,"{""A"":""130"",""E"":""65"",""K"":""1"",""N"":""256"",""S"":""65"",""graph"":""sparse_first_last""}"
003-sizes-1000000-1024-512-1,clearing calculator parity:,operator,49,"{""A"":""130"",""E"":""65"",""K"":""1"",""N"":""256"",""S"":""65"",""graph"":""sparse_first_last""}"
003-sizes-1000000-1024-512-1,clearing calculator parity:,dealing,8893,"{""A"":""130"",""E"":""65"",""K"":""1"",""N"":""256"",""S"":""65"",""graph"":""sparse_first_last""}"
003-sizes-1000000-1024-512-1,clearing calculator parity:,rows,8511,"{""A"":""254"",""E"":""127"",""K"":""1"",""N"":""256"",""S"":""127"",""graph"":""sparse_first_last""}"
003-sizes-1000000-1024-512-1,clearing calculator parity:,signatures,8128,"{""A"":""254"",""E"":""127"",""K"":""1"",""N"":""256"",""S"":""127"",""graph"":""sparse_first_last""}"
003-sizes-1000000-1024-512-1,clearing calculator parity:,entries,761,"{""A"":""254"",""E"":""127"",""K"":""1"",""N"":""256"",""S"":""127"",""graph"":""sparse_first_last""}"
003-sizes-1000000-1024-512-1,clearing calculator parity:,operator,49,"{""A"":""254"",""E"":""127"",""K"":""1"",""N"":""256"",""S"":""127"",""graph"":""sparse_first_last""}"
003-sizes-1000000-1024-512-1,clearing calculator parity:,dealing,17449,"{""A"":""254"",""E"":""127"",""K"":""1"",""N"":""256"",""S"":""127"",""graph"":""sparse_first_last""}"
003-sizes-1000000-1024-512-1,clearing calculator parity:,rows,8578,"{""A"":""256"",""E"":""128"",""K"":""1"",""N"":""256"",""S"":""128"",""graph"":""sparse_first_last""}"
003-sizes-1000000-1024-512-1,clearing calculator parity:,signatures,8192,"{""A"":""256"",""E"":""128"",""K"":""1"",""N"":""256"",""S"":""128"",""graph"":""sparse_first_last""}"
003-sizes-1000000-1024-512-1,clearing calculator parity:,entries,768,"{""A"":""256"",""E"":""128"",""K"":""1"",""N"":""256"",""S"":""128"",""graph"":""sparse_first_last""}"
003-sizes-1000000-1024-512-1,clearing calculator parity:,operator,49,"{""A"":""256"",""E"":""128"",""K"":""1"",""N"":""256"",""S"":""128"",""graph"":""sparse_first_last""}"
003-sizes-1000000-1024-512-1,clearing calculator parity:,dealing,17587,"{""A"":""256"",""E"":""128"",""K"":""1"",""N"":""256"",""S"":""128"",""graph"":""sparse_first_last""}"
003-sizes-1000000-1024-512-1,clearing calculator parity:,rows,8579,"{""A"":""256"",""E"":""129"",""K"":""1"",""N"":""256"",""S"":""129"",""graph"":""sparse_first_last""}"
003-sizes-1000000-1024-512-1,clearing calculator parity:,signatures,8256,"{""A"":""256"",""E"":""129"",""K"":""1"",""N"":""256"",""S"":""129"",""graph"":""sparse_first_last""}"
003-sizes-1000000-1024-512-1,clearing calculator parity:,entries,771,"{""A"":""256"",""E"":""129"",""K"":""1"",""N"":""256"",""S"":""129"",""graph"":""sparse_first_last""}"
003-sizes-1000000-1024-512-1,clearing calculator parity:,operator,49,"{""A"":""256"",""E"":""129"",""K"":""1"",""N"":""256"",""S"":""129"",""graph"":""sparse_first_last""}"
003-sizes-1000000-1024-512-1,clearing calculator parity:,dealing,17655,"{""A"":""256"",""E"":""129"",""K"":""1"",""N"":""256"",""S"":""129"",""graph"":""sparse_first_last""}"
003-sizes-1000000-1024-512-1,clearing calculator parity:,rows,8705,"{""A"":""256"",""E"":""255"",""K"":""1"",""N"":""256"",""S"":""255"",""graph"":""sparse_first_last""}"
003-sizes-1000000-1024-512-1,clearing calculator parity:,signatures,16320,"{""A"":""256"",""E"":""255"",""K"":""1"",""N"":""256"",""S"":""255"",""graph"":""sparse_first_last""}"
003-sizes-1000000-1024-512-1,clearing calculator parity:,entries,1149,"{""A"":""256"",""E"":""255"",""K"":""1"",""N"":""256"",""S"":""255"",""graph"":""sparse_first_last""}"
003-sizes-1000000-1024-512-1,clearing calculator parity:,operator,49,"{""A"":""256"",""E"":""255"",""K"":""1"",""N"":""256"",""S"":""255"",""graph"":""sparse_first_last""}"
003-sizes-1000000-1024-512-1,clearing calculator parity:,dealing,26223,"{""A"":""256"",""E"":""255"",""K"":""1"",""N"":""256"",""S"":""255"",""graph"":""sparse_first_last""}"
003-sizes-1000000-1024-512-1,clearing calculator parity:,rows,8706,"{""A"":""256"",""E"":""256"",""K"":""1"",""N"":""256"",""S"":""256"",""graph"":""cyclic""}"
003-sizes-1000000-1024-512-1,clearing calculator parity:,signatures,16384,"{""A"":""256"",""E"":""256"",""K"":""1"",""N"":""256"",""S"":""256"",""graph"":""cyclic""}"
003-sizes-1000000-1024-512-1,clearing calculator parity:,entries,1152,"{""A"":""256"",""E"":""256"",""K"":""1"",""N"":""256"",""S"":""256"",""graph"":""cyclic""}"
003-sizes-1000000-1024-512-1,clearing calculator parity:,operator,49,"{""A"":""256"",""E"":""256"",""K"":""1"",""N"":""256"",""S"":""256"",""graph"":""cyclic""}"
003-sizes-1000000-1024-512-1,clearing calculator parity:,dealing,26291,"{""A"":""256"",""E"":""256"",""K"":""1"",""N"":""256"",""S"":""256"",""graph"":""cyclic""}"
003-sizes-1000000-1024-512-1,clearing calculator parity:,rows,8706,"{""A"":""256"",""E"":""32512"",""K"":""127"",""N"":""256"",""S"":""256"",""graph"":""cyclic""}"
003-sizes-1000000-1024-512-1,clearing calculator parity:,signatures,16384,"{""A"":""256"",""E"":""32512"",""K"":""127"",""N"":""256"",""S"":""256"",""graph"":""cyclic""}"
003-sizes-1000000-1024-512-1,clearing calculator parity:,entries,114048,"{""A"":""256"",""E"":""32512"",""K"":""127"",""N"":""256"",""S"":""256"",""graph"":""cyclic""}"
003-sizes-1000000-1024-512-1,clearing calculator parity:,operator,49,"{""A"":""256"",""E"":""32512"",""K"":""127"",""N"":""256"",""S"":""256"",""graph"":""cyclic""}"
003-sizes-1000000-1024-512-1,clearing calculator parity:,dealing,139187,"{""A"":""256"",""E"":""32512"",""K"":""127"",""N"":""256"",""S"":""256"",""graph"":""cyclic""}"
003-sizes-1000000-1024-512-1,clearing calculator parity:,rows,8706,"{""A"":""256"",""E"":""32768"",""K"":""128"",""N"":""256"",""S"":""256"",""graph"":""cyclic""}"
003-sizes-1000000-1024-512-1,clearing calculator parity:,signatures,16384,"{""A"":""256"",""E"":""32768"",""K"":""128"",""N"":""256"",""S"":""256"",""graph"":""cyclic""}"
003-sizes-1000000-1024-512-1,clearing calculator parity:,entries,115200,"{""A"":""256"",""E"":""32768"",""K"":""128"",""N"":""256"",""S"":""256"",""graph"":""cyclic""}"
003-sizes-1000000-1024-512-1,clearing calculator parity:,operator,49,"{""A"":""256"",""E"":""32768"",""K"":""128"",""N"":""256"",""S"":""256"",""graph"":""cyclic""}"
003-sizes-1000000-1024-512-1,clearing calculator parity:,dealing,140339,"{""A"":""256"",""E"":""32768"",""K"":""128"",""N"":""256"",""S"":""256"",""graph"":""cyclic""}"
003-sizes-1000000-1024-512-1,clearing calculator parity:,rows,548867,"{""A"":""16384"",""E"":""8192"",""K"":""1"",""N"":""16385"",""S"":""8192"",""graph"":""sparse_first_last""}"
003-sizes-1000000-1024-512-1,clearing calculator parity:,signatures,524288,"{""A"":""16384"",""E"":""8192"",""K"":""1"",""N"":""16385"",""S"":""8192"",""graph"":""sparse_first_last""}"
003-sizes-1000000-1024-512-1,clearing calculator parity:,entries,49152,"{""A"":""16384"",""E"":""8192"",""K"":""1"",""N"":""16385"",""S"":""8192"",""graph"":""sparse_first_last""}"
003-sizes-1000000-1024-512-1,clearing calculator parity:,operator,49,"{""A"":""16384"",""E"":""8192"",""K"":""1"",""N"":""16385"",""S"":""8192"",""graph"":""sparse_first_last""}"
003-sizes-1000000-1024-512-1,clearing calculator parity:,dealing,1122356,"{""A"":""16384"",""E"":""8192"",""K"":""1"",""N"":""16385"",""S"":""8192"",""graph"":""sparse_first_last""}"
003-sizes-1000000-1024-512-1,clearing calculator parity:,rows,548901,"{""A"":""16385"",""E"":""8193"",""K"":""1"",""N"":""16385"",""S"":""8193"",""graph"":""sparse_first_last""}"
003-sizes-1000000-1024-512-1,clearing calculator parity:,signatures,524352,"{""A"":""16385"",""E"":""8193"",""K"":""1"",""N"":""16385"",""S"":""8193"",""graph"":""sparse_first_last""}"
003-sizes-1000000-1024-512-1,clearing calculator parity:,entries,49158,"{""A"":""16385"",""E"":""8193"",""K"":""1"",""N"":""16385"",""S"":""8193"",""graph"":""sparse_first_last""}"
003-sizes-1000000-1024-512-1,clearing calculator parity:,operator,49,"{""A"":""16385"",""E"":""8193"",""K"":""1"",""N"":""16385"",""S"":""8193"",""graph"":""sparse_first_last""}"
003-sizes-1000000-1024-512-1,clearing calculator parity:,dealing,1122460,"{""A"":""16385"",""E"":""8193"",""K"":""1"",""N"":""16385"",""S"":""8193"",""graph"":""sparse_first_last""}"
003-sizes-1000000-1024-512-1,clearing calculator parity:,rows,557093,"{""A"":""16385"",""E"":""16385"",""K"":""1"",""N"":""16385"",""S"":""16385"",""graph"":""cyclic""}"
003-sizes-1000000-1024-512-1,clearing calculator parity:,signatures,1048640,"{""A"":""16385"",""E"":""16385"",""K"":""1"",""N"":""16385"",""S"":""16385"",""graph"":""cyclic""}"
003-sizes-1000000-1024-512-1,clearing calculator parity:,entries,81798,"{""A"":""16385"",""E"":""16385"",""K"":""1"",""N"":""16385"",""S"":""16385"",""graph"":""cyclic""}"
003-sizes-1000000-1024-512-1,clearing calculator parity:,operator,49,"{""A"":""16385"",""E"":""16385"",""K"":""1"",""N"":""16385"",""S"":""16385"",""graph"":""cyclic""}"
003-sizes-1000000-1024-512-1,clearing calculator parity:,dealing,1687580,"{""A"":""16385"",""E"":""16385"",""K"":""1"",""N"":""16385"",""S"":""16385"",""graph"":""cyclic""}"
004-sizes-1000000-1024-512-8,clearing activity disclosure:,core,16,"{""A"":""1024"",""B"":""512"",""K"":""8"",""N"":""1000000""}"
004-sizes-1000000-1024-512-8,clearing activity disclosure:,value,48,"{""A"":""1024"",""B"":""512"",""K"":""8"",""N"":""1000000""}"
004-sizes-1000000-1024-512-8,clearing activity disclosure:,account_change,80,"{""A"":""1024"",""B"":""512"",""K"":""8"",""N"":""1000000""}"
004-sizes-1000000-1024-512-8,clearing sizes:,identical_dealing,132147,"{""A"":""1024"",""B"":""512"",""E"":""8192"",""K"":""8"",""N"":""1000000"",""rows"":""1024"",""validators"":""100""}"
004-sizes-1000000-1024-512-8,clearing sizes:,dealt_egress,13214700,"{""A"":""1024"",""B"":""512"",""E"":""8192"",""K"":""8"",""N"":""1000000"",""rows"":""1024"",""validators"":""100""}"
004-sizes-1000000-1024-512-8,clearing sizes:,integrated_commitment,32,"{""A"":""1024"",""B"":""512"",""E"":""8192"",""K"":""8"",""N"":""1000000"",""rows"":""1024"",""validators"":""100""}"
004-sizes-1000000-1024-512-8,clearing sizes:,root_bundle,184,"{""A"":""1024"",""B"":""512"",""E"":""8192"",""K"":""8"",""N"":""1000000"",""rows"":""1024"",""validators"":""100""}"
004-sizes-1000000-1024-512-8,clearing sizes:,withdrawal_total,8,"{""A"":""1024"",""B"":""512"",""E"":""8192"",""K"":""8"",""N"":""1000000"",""rows"":""1024"",""validators"":""100""}"
004-sizes-1000000-1024-512-8,clearing sizes:,descriptor,192,"{""A"":""1024"",""B"":""512"",""E"":""8192"",""K"":""8"",""N"":""1000000"",""rows"":""1024"",""validators"":""100""}"
004-sizes-1000000-1024-512-8,clearing sizes:,certificate,69,"{""A"":""1024"",""B"":""512"",""E"":""8192"",""K"":""8"",""N"":""1000000"",""rows"":""1024"",""validators"":""100""}"
004-sizes-1000000-1024-512-8,clearing sizes:,header_certificate,101,"{""A"":""1024"",""B"":""512"",""E"":""8192"",""K"":""8"",""N"":""1000000"",""rows"":""1024"",""validators"":""100""}"
004-sizes-1000000-1024-512-8,clearing sizes:,header_roots_withdrawal_total_certificate,293,"{""A"":""1024"",""B"":""512"",""E"":""8192"",""K"":""8"",""N"":""1000000"",""rows"":""1024"",""validators"":""100""}"
004-sizes-1000000-1024-512-8,clearing sizes:,entry_receipt,401,"{""A"":""1024"",""B"":""512"",""E"":""8192"",""K"":""8"",""N"":""1000000"",""rows"":""1024"",""validators"":""100""}"
004-sizes-1000000-1024-512-8,clearing empty payout epoch:,commit_opening,43,"{""W"":""0"",""commit_position"":""1"",""history_outputs"":""0"",""operations"":""2""}"
004-sizes-1000000-1024-512-8,clearing empty payout epoch:,root,48,"{""W"":""0"",""commit_position"":""1"",""history_outputs"":""0"",""operations"":""2""}"
004-sizes-1000000-1024-512-8,clearing withdrawal claim:,request,199,"{""A"":""1024"",""B"":""512"",""K"":""8"",""N"":""1000000"",""W"":""1"",""action"":""amount"",""fixture"":""native_keyless_mmr"",""history_outputs"":""0"",""operations"":""3"",""position"":""1""}"
004-sizes-1000000-1024-512-8,clearing withdrawal claim:,output,30,"{""A"":""1024"",""B"":""512"",""K"":""8"",""N"":""1000000"",""W"":""1"",""action"":""amount"",""fixture"":""native_keyless_mmr"",""history_outputs"":""0"",""operations"":""3"",""position"":""1""}"
004-sizes-1000000-1024-512-8,clearing withdrawal claim:,opening,75,"{""A"":""1024"",""B"":""512"",""K"":""8"",""N"":""1000000"",""W"":""1"",""action"":""amount"",""fixture"":""native_keyless_mmr"",""history_outputs"":""0"",""operations"":""3"",""position"":""1""}"
004-sizes-1000000-1024-512-8,clearing withdrawal claim:,claim,105,"{""A"":""1024"",""B"":""512"",""K"":""8"",""N"":""1000000"",""W"":""1"",""action"":""amount"",""fixture"":""native_keyless_mmr"",""history_outputs"":""0"",""operations"":""3"",""position"":""1""}"
004-sizes-1000000-1024-512-8,clearing withdrawal claim:,root,48,"{""A"":""1024"",""B"":""512"",""K"":""8"",""N"":""1000000"",""W"":""1"",""action"":""amount"",""fixture"":""native_keyless_mmr"",""history_outputs"":""0"",""operations"":""3"",""position"":""1""}"
004-sizes-1000000-1024-512-8,clearing withdrawal claim:,request,191,"{""A"":""1024"",""B"":""512"",""K"":""8"",""N"":""1000000"",""W"":""1"",""action"":""close"",""fixture"":""native_keyless_mmr"",""history_outputs"":""0"",""operations"":""3"",""position"":""1""}"
004-sizes-1000000-1024-512-8,clearing withdrawal claim:,output,30,"{""A"":""1024"",""B"":""512"",""K"":""8"",""N"":""1000000"",""W"":""1"",""action"":""close"",""fixture"":""native_keyless_mmr"",""history_outputs"":""0"",""operations"":""3"",""position"":""1""}"
004-sizes-1000000-1024-512-8,clearing withdrawal claim:,opening,75,"{""A"":""1024"",""B"":""512"",""K"":""8"",""N"":""1000000"",""W"":""1"",""action"":""close"",""fixture"":""native_keyless_mmr"",""history_outputs"":""0"",""operations"":""3"",""position"":""1""}"
004-sizes-1000000-1024-512-8,clearing withdrawal claim:,claim,105,"{""A"":""1024"",""B"":""512"",""K"":""8"",""N"":""1000000"",""W"":""1"",""action"":""close"",""fixture"":""native_keyless_mmr"",""history_outputs"":""0"",""operations"":""3"",""position"":""1""}"
004-sizes-1000000-1024-512-8,clearing withdrawal claim:,root,48,"{""A"":""1024"",""B"":""512"",""K"":""8"",""N"":""1000000"",""W"":""1"",""action"":""close"",""fixture"":""native_keyless_mmr"",""history_outputs"":""0"",""operations"":""3"",""position"":""1""}"
004-sizes-1000000-1024-512-8,clearing withdrawal claim:,request,199,"{""A"":""1024"",""B"":""512"",""K"":""8"",""N"":""1000000"",""W"":""1000000"",""action"":""amount"",""fixture"":""native_keyless_mmr"",""history_outputs"":""0"",""operations"":""1000002"",""position"":""500001""}"
004-sizes-1000000-1024-512-8,clearing withdrawal claim:,output,30,"{""A"":""1024"",""B"":""512"",""K"":""8"",""N"":""1000000"",""W"":""1000000"",""action"":""amount"",""fixture"":""native_keyless_mmr"",""history_outputs"":""0"",""operations"":""1000002"",""position"":""500001""}"
004-sizes-1000000-1024-512-8,clearing withdrawal claim:,opening,653,"{""A"":""1024"",""B"":""512"",""K"":""8"",""N"":""1000000"",""W"":""1000000"",""action"":""amount"",""fixture"":""native_keyless_mmr"",""history_outputs"":""0"",""operations"":""1000002"",""position"":""500001""}"
004-sizes-1000000-1024-512-8,clearing withdrawal claim:,claim,683,"{""A"":""1024"",""B"":""512"",""K"":""8"",""N"":""1000000"",""W"":""1000000"",""action"":""amount"",""fixture"":""native_keyless_mmr"",""history_outputs"":""0"",""operations"":""1000002"",""position"":""500001""}"
004-sizes-1000000-1024-512-8,clearing withdrawal claim:,root,48,"{""A"":""1024"",""B"":""512"",""K"":""8"",""N"":""1000000"",""W"":""1000000"",""action"":""amount"",""fixture"":""native_keyless_mmr"",""history_outputs"":""0"",""operations"":""1000002"",""position"":""500001""}"
004-sizes-1000000-1024-512-8,clearing withdrawal claim:,request,191,"{""A"":""1024"",""B"":""512"",""K"":""8"",""N"":""1000000"",""W"":""1000000"",""action"":""close"",""fixture"":""native_keyless_mmr"",""history_outputs"":""0"",""operations"":""1000002"",""position"":""500001""}"
004-sizes-1000000-1024-512-8,clearing withdrawal claim:,output,30,"{""A"":""1024"",""B"":""512"",""K"":""8"",""N"":""1000000"",""W"":""1000000"",""action"":""close"",""fixture"":""native_keyless_mmr"",""history_outputs"":""0"",""operations"":""1000002"",""position"":""500001""}"
004-sizes-1000000-1024-512-8,clearing withdrawal claim:,opening,653,"{""A"":""1024"",""B"":""512"",""K"":""8"",""N"":""1000000"",""W"":""1000000"",""action"":""close"",""fixture"":""native_keyless_mmr"",""history_outputs"":""0"",""operations"":""1000002"",""position"":""500001""}"
004-sizes-1000000-1024-512-8,clearing withdrawal claim:,claim,683,"{""A"":""1024"",""B"":""512"",""K"":""8"",""N"":""1000000"",""W"":""1000000"",""action"":""close"",""fixture"":""native_keyless_mmr"",""history_outputs"":""0"",""operations"":""1000002"",""position"":""500001""}"
004-sizes-1000000-1024-512-8,clearing withdrawal claim:,root,48,"{""A"":""1024"",""B"":""512"",""K"":""8"",""N"":""1000000"",""W"":""1000000"",""action"":""close"",""fixture"":""native_keyless_mmr"",""history_outputs"":""0"",""operations"":""1000002"",""position"":""500001""}"
004-sizes-1000000-1024-512-8,clearing empty payout epoch:,commit_opening,76,"{""W"":""0"",""commit_position"":""1026"",""history_outputs"":""1024"",""operations"":""1027""}"
004-sizes-1000000-1024-512-8,clearing empty payout epoch:,root,48,"{""W"":""0"",""commit_position"":""1026"",""history_outputs"":""1024"",""operations"":""1027""}"
004-sizes-1000000-1024-512-8,clearing withdrawal claim:,request,199,"{""A"":""1024"",""B"":""512"",""K"":""8"",""N"":""1000000"",""W"":""1"",""action"":""amount"",""fixture"":""native_keyless_mmr"",""history_outputs"":""1024"",""operations"":""1028"",""position"":""1026""}"
004-sizes-1000000-1024-512-8,clearing withdrawal claim:,output,30,"{""A"":""1024"",""B"":""512"",""K"":""8"",""N"":""1000000"",""W"":""1"",""action"":""amount"",""fixture"":""native_keyless_mmr"",""history_outputs"":""1024"",""operations"":""1028"",""position"":""1026""}"
004-sizes-1000000-1024-512-8,clearing withdrawal claim:,opening,108,"{""A"":""1024"",""B"":""512"",""K"":""8"",""N"":""1000000"",""W"":""1"",""action"":""amount"",""fixture"":""native_keyless_mmr"",""history_outputs"":""1024"",""operations"":""1028"",""position"":""1026""}"
004-sizes-1000000-1024-512-8,clearing withdrawal claim:,claim,138,"{""A"":""1024"",""B"":""512"",""K"":""8"",""N"":""1000000"",""W"":""1"",""action"":""amount"",""fixture"":""native_keyless_mmr"",""history_outputs"":""1024"",""operations"":""1028"",""position"":""1026""}"
004-sizes-1000000-1024-512-8,clearing withdrawal claim:,root,48,"{""A"":""1024"",""B"":""512"",""K"":""8"",""N"":""1000000"",""W"":""1"",""action"":""amount"",""fixture"":""native_keyless_mmr"",""history_outputs"":""1024"",""operations"":""1028"",""position"":""1026""}"
004-sizes-1000000-1024-512-8,clearing withdrawal claim:,request,191,"{""A"":""1024"",""B"":""512"",""K"":""8"",""N"":""1000000"",""W"":""1"",""action"":""close"",""fixture"":""native_keyless_mmr"",""history_outputs"":""1024"",""operations"":""1028"",""position"":""1026""}"
004-sizes-1000000-1024-512-8,clearing withdrawal claim:,output,30,"{""A"":""1024"",""B"":""512"",""K"":""8"",""N"":""1000000"",""W"":""1"",""action"":""close"",""fixture"":""native_keyless_mmr"",""history_outputs"":""1024"",""operations"":""1028"",""position"":""1026""}"
004-sizes-1000000-1024-512-8,clearing withdrawal claim:,opening,108,"{""A"":""1024"",""B"":""512"",""K"":""8"",""N"":""1000000"",""W"":""1"",""action"":""close"",""fixture"":""native_keyless_mmr"",""history_outputs"":""1024"",""operations"":""1028"",""position"":""1026""}"
004-sizes-1000000-1024-512-8,clearing withdrawal claim:,claim,138,"{""A"":""1024"",""B"":""512"",""K"":""8"",""N"":""1000000"",""W"":""1"",""action"":""close"",""fixture"":""native_keyless_mmr"",""history_outputs"":""1024"",""operations"":""1028"",""position"":""1026""}"
004-sizes-1000000-1024-512-8,clearing withdrawal claim:,root,48,"{""A"":""1024"",""B"":""512"",""K"":""8"",""N"":""1000000"",""W"":""1"",""action"":""close"",""fixture"":""native_keyless_mmr"",""history_outputs"":""1024"",""operations"":""1028"",""position"":""1026""}"
004-sizes-1000000-1024-512-8,clearing withdrawal claim:,request,199,"{""A"":""1024"",""B"":""512"",""K"":""8"",""N"":""1000000"",""W"":""1000000"",""action"":""amount"",""fixture"":""native_keyless_mmr"",""history_outputs"":""1024"",""operations"":""1001027"",""position"":""501026""}"
004-sizes-1000000-1024-512-8,clearing withdrawal claim:,output,30,"{""A"":""1024"",""B"":""512"",""K"":""8"",""N"":""1000000"",""W"":""1000000"",""action"":""amount"",""fixture"":""native_keyless_mmr"",""history_outputs"":""1024"",""operations"":""1001027"",""position"":""501026""}"
004-sizes-1000000-1024-512-8,clearing withdrawal claim:,opening,653,"{""A"":""1024"",""B"":""512"",""K"":""8"",""N"":""1000000"",""W"":""1000000"",""action"":""amount"",""fixture"":""native_keyless_mmr"",""history_outputs"":""1024"",""operations"":""1001027"",""position"":""501026""}"
004-sizes-1000000-1024-512-8,clearing withdrawal claim:,claim,683,"{""A"":""1024"",""B"":""512"",""K"":""8"",""N"":""1000000"",""W"":""1000000"",""action"":""amount"",""fixture"":""native_keyless_mmr"",""history_outputs"":""1024"",""operations"":""1001027"",""position"":""501026""}"
004-sizes-1000000-1024-512-8,clearing withdrawal claim:,root,48,"{""A"":""1024"",""B"":""512"",""K"":""8"",""N"":""1000000"",""W"":""1000000"",""action"":""amount"",""fixture"":""native_keyless_mmr"",""history_outputs"":""1024"",""operations"":""1001027"",""position"":""501026""}"
004-sizes-1000000-1024-512-8,clearing withdrawal claim:,request,191,"{""A"":""1024"",""B"":""512"",""K"":""8"",""N"":""1000000"",""W"":""1000000"",""action"":""close"",""fixture"":""native_keyless_mmr"",""history_outputs"":""1024"",""operations"":""1001027"",""position"":""501026""}"
004-sizes-1000000-1024-512-8,clearing withdrawal claim:,output,30,"{""A"":""1024"",""B"":""512"",""K"":""8"",""N"":""1000000"",""W"":""1000000"",""action"":""close"",""fixture"":""native_keyless_mmr"",""history_outputs"":""1024"",""operations"":""1001027"",""position"":""501026""}"
004-sizes-1000000-1024-512-8,clearing withdrawal claim:,opening,653,"{""A"":""1024"",""B"":""512"",""K"":""8"",""N"":""1000000"",""W"":""1000000"",""action"":""close"",""fixture"":""native_keyless_mmr"",""history_outputs"":""1024"",""operations"":""1001027"",""position"":""501026""}"
004-sizes-1000000-1024-512-8,clearing withdrawal claim:,claim,683,"{""A"":""1024"",""B"":""512"",""K"":""8"",""N"":""1000000"",""W"":""1000000"",""action"":""close"",""fixture"":""native_keyless_mmr"",""history_outputs"":""1024"",""operations"":""1001027"",""position"":""501026""}"
004-sizes-1000000-1024-512-8,clearing withdrawal claim:,root,48,"{""A"":""1024"",""B"":""512"",""K"":""8"",""N"":""1000000"",""W"":""1000000"",""action"":""close"",""fixture"":""native_keyless_mmr"",""history_outputs"":""1024"",""operations"":""1001027"",""position"":""501026""}"
004-sizes-1000000-1024-512-8,clearing empty payout epoch:,commit_opening,77,"{""W"":""0"",""commit_position"":""65538"",""history_outputs"":""65536"",""operations"":""65539""}"
004-sizes-1000000-1024-512-8,clearing empty payout epoch:,root,48,"{""W"":""0"",""commit_position"":""65538"",""history_outputs"":""65536"",""operations"":""65539""}"
004-sizes-1000000-1024-512-8,clearing withdrawal claim:,request,199,"{""A"":""1024"",""B"":""512"",""K"":""8"",""N"":""1000000"",""W"":""1"",""action"":""amount"",""fixture"":""native_keyless_mmr"",""history_outputs"":""65536"",""operations"":""65540"",""position"":""65538""}"
004-sizes-1000000-1024-512-8,clearing withdrawal claim:,output,30,"{""A"":""1024"",""B"":""512"",""K"":""8"",""N"":""1000000"",""W"":""1"",""action"":""amount"",""fixture"":""native_keyless_mmr"",""history_outputs"":""65536"",""operations"":""65540"",""position"":""65538""}"
004-sizes-1000000-1024-512-8,clearing withdrawal claim:,opening,109,"{""A"":""1024"",""B"":""512"",""K"":""8"",""N"":""1000000"",""W"":""1"",""action"":""amount"",""fixture"":""native_keyless_mmr"",""history_outputs"":""65536"",""operations"":""65540"",""position"":""65538""}"
004-sizes-1000000-1024-512-8,clearing withdrawal claim:,claim,139,"{""A"":""1024"",""B"":""512"",""K"":""8"",""N"":""1000000"",""W"":""1"",""action"":""amount"",""fixture"":""native_keyless_mmr"",""history_outputs"":""65536"",""operations"":""65540"",""position"":""65538""}"
004-sizes-1000000-1024-512-8,clearing withdrawal claim:,root,48,"{""A"":""1024"",""B"":""512"",""K"":""8"",""N"":""1000000"",""W"":""1"",""action"":""amount"",""fixture"":""native_keyless_mmr"",""history_outputs"":""65536"",""operations"":""65540"",""position"":""65538""}"
004-sizes-1000000-1024-512-8,clearing withdrawal claim:,request,191,"{""A"":""1024"",""B"":""512"",""K"":""8"",""N"":""1000000"",""W"":""1"",""action"":""close"",""fixture"":""native_keyless_mmr"",""history_outputs"":""65536"",""operations"":""65540"",""position"":""65538""}"
004-sizes-1000000-1024-512-8,clearing withdrawal claim:,output,30,"{""A"":""1024"",""B"":""512"",""K"":""8"",""N"":""1000000"",""W"":""1"",""action"":""close"",""fixture"":""native_keyless_mmr"",""history_outputs"":""65536"",""operations"":""65540"",""position"":""65538""}"
004-sizes-1000000-1024-512-8,clearing withdrawal claim:,opening,109,"{""A"":""1024"",""B"":""512"",""K"":""8"",""N"":""1000000"",""W"":""1"",""action"":""close"",""fixture"":""native_keyless_mmr"",""history_outputs"":""65536"",""operations"":""65540"",""position"":""65538""}"
004-sizes-1000000-1024-512-8,clearing withdrawal claim:,claim,139,"{""A"":""1024"",""B"":""512"",""K"":""8"",""N"":""1000000"",""W"":""1"",""action"":""close"",""fixture"":""native_keyless_mmr"",""history_outputs"":""65536"",""operations"":""65540"",""position"":""65538""}"
004-sizes-1000000-1024-512-8,clearing withdrawal claim:,root,48,"{""A"":""1024"",""B"":""512"",""K"":""8"",""N"":""1000000"",""W"":""1"",""action"":""close"",""fixture"":""native_keyless_mmr"",""history_outputs"":""65536"",""operations"":""65540"",""position"":""65538""}"
004-sizes-1000000-1024-512-8,clearing withdrawal claim:,request,199,"{""A"":""1024"",""B"":""512"",""K"":""8"",""N"":""1000000"",""W"":""1000000"",""action"":""amount"",""fixture"":""native_keyless_mmr"",""history_outputs"":""65536"",""operations"":""1065539"",""position"":""565538""}"
004-sizes-1000000-1024-512-8,clearing withdrawal claim:,output,30,"{""A"":""1024"",""B"":""512"",""K"":""8"",""N"":""1000000"",""W"":""1000000"",""action"":""amount"",""fixture"":""native_keyless_mmr"",""history_outputs"":""65536"",""operations"":""1065539"",""position"":""565538""}"
004-sizes-1000000-1024-512-8,clearing withdrawal claim:,opening,685,"{""A"":""1024"",""B"":""512"",""K"":""8"",""N"":""1000000"",""W"":""1000000"",""action"":""amount"",""fixture"":""native_keyless_mmr"",""history_outputs"":""65536"",""operations"":""1065539"",""position"":""565538""}"
004-sizes-1000000-1024-512-8,clearing withdrawal claim:,claim,715,"{""A"":""1024"",""B"":""512"",""K"":""8"",""N"":""1000000"",""W"":""1000000"",""action"":""amount"",""fixture"":""native_keyless_mmr"",""history_outputs"":""65536"",""operations"":""1065539"",""position"":""565538""}"
004-sizes-1000000-1024-512-8,clearing withdrawal claim:,root,48,"{""A"":""1024"",""B"":""512"",""K"":""8"",""N"":""1000000"",""W"":""1000000"",""action"":""amount"",""fixture"":""native_keyless_mmr"",""history_outputs"":""65536"",""operations"":""1065539"",""position"":""565538""}"
004-sizes-1000000-1024-512-8,clearing withdrawal claim:,request,191,"{""A"":""1024"",""B"":""512"",""K"":""8"",""N"":""1000000"",""W"":""1000000"",""action"":""close"",""fixture"":""native_keyless_mmr"",""history_outputs"":""65536"",""operations"":""1065539"",""position"":""565538""}"
004-sizes-1000000-1024-512-8,clearing withdrawal claim:,output,30,"{""A"":""1024"",""B"":""512"",""K"":""8"",""N"":""1000000"",""W"":""1000000"",""action"":""close"",""fixture"":""native_keyless_mmr"",""history_outputs"":""65536"",""operations"":""1065539"",""position"":""565538""}"
004-sizes-1000000-1024-512-8,clearing withdrawal claim:,opening,685,"{""A"":""1024"",""B"":""512"",""K"":""8"",""N"":""1000000"",""W"":""1000000"",""action"":""close"",""fixture"":""native_keyless_mmr"",""history_outputs"":""65536"",""operations"":""1065539"",""position"":""565538""}"
004-sizes-1000000-1024-512-8,clearing withdrawal claim:,claim,715,"{""A"":""1024"",""B"":""512"",""K"":""8"",""N"":""1000000"",""W"":""1000000"",""action"":""close"",""fixture"":""native_keyless_mmr"",""history_outputs"":""65536"",""operations"":""1065539"",""position"":""565538""}"
004-sizes-1000000-1024-512-8,clearing withdrawal claim:,root,48,"{""A"":""1024"",""B"":""512"",""K"":""8"",""N"":""1000000"",""W"":""1000000"",""action"":""close"",""fixture"":""native_keyless_mmr"",""history_outputs"":""65536"",""operations"":""1065539"",""position"":""565538""}"
004-sizes-1000000-1024-512-8,clearing current proofs:,state_root,32,"{""A"":""1024"",""B"":""512"",""K"":""8"",""N"":""1000000"",""context"":""predecessor"",""family"":""MMB""}"
004-sizes-1000000-1024-512-8,clearing current proofs:,forced_recovery_opening,850,"{""A"":""1024"",""B"":""512"",""K"":""8"",""N"":""1000000"",""context"":""predecessor"",""family"":""MMB""}"
004-sizes-1000000-1024-512-8,clearing current proofs:,membership_proof,810,"{""A"":""1024"",""B"":""512"",""K"":""8"",""N"":""1000000"",""context"":""predecessor"",""family"":""MMB""}"
004-sizes-1000000-1024-512-8,clearing current proofs:,membership_lookup,819,"{""A"":""1024"",""B"":""512"",""K"":""8"",""N"":""1000000"",""context"":""predecessor"",""family"":""MMB""}"
004-sizes-1000000-1024-512-8,clearing current proofs:,exclusion_proof,851,"{""A"":""1024"",""B"":""512"",""K"":""8"",""N"":""1000000"",""context"":""predecessor"",""family"":""MMB""}"
004-sizes-1000000-1024-512-8,clearing current proofs:,exclusion_lookup,852,"{""A"":""1024"",""B"":""512"",""K"":""8"",""N"":""1000000"",""context"":""predecessor"",""family"":""MMB""}"
004-sizes-1000000-1024-512-8,clearing challenge:,challenge,718,"{""A"":""1024"",""B"":""512"",""K"":""8"",""N"":""1000000"",""kind"":""debit""}"
004-sizes-1000000-1024-512-8,clearing challenge:,challenge,961,"{""A"":""1024"",""B"":""512"",""K"":""8"",""N"":""1000000"",""kind"":""entry""}"
004-sizes-1000000-1024-512-8,clearing challenge:,challenge,417,"{""A"":""1024"",""B"":""512"",""K"":""8"",""N"":""1000000"",""kind"":""fork""}"
004-sizes-1000000-1024-512-8,clearing current proofs:,state_root,32,"{""A"":""1024"",""B"":""512"",""K"":""8"",""N"":""1000000"",""context"":""successor_after_apply"",""family"":""MMB""}"
004-sizes-1000000-1024-512-8,clearing current proofs:,forced_recovery_opening,850,"{""A"":""1024"",""B"":""512"",""K"":""8"",""N"":""1000000"",""context"":""successor_after_apply"",""family"":""MMB""}"
004-sizes-1000000-1024-512-8,clearing current proofs:,membership_proof,810,"{""A"":""1024"",""B"":""512"",""K"":""8"",""N"":""1000000"",""context"":""successor_after_apply"",""family"":""MMB""}"
004-sizes-1000000-1024-512-8,clearing current proofs:,membership_lookup,819,"{""A"":""1024"",""B"":""512"",""K"":""8"",""N"":""1000000"",""context"":""successor_after_apply"",""family"":""MMB""}"
004-sizes-1000000-1024-512-8,clearing current proofs:,exclusion_proof,851,"{""A"":""1024"",""B"":""512"",""K"":""8"",""N"":""1000000"",""context"":""successor_after_apply"",""family"":""MMB""}"
004-sizes-1000000-1024-512-8,clearing current proofs:,exclusion_lookup,852,"{""A"":""1024"",""B"":""512"",""K"":""8"",""N"":""1000000"",""context"":""successor_after_apply"",""family"":""MMB""}"
004-sizes-1000000-1024-512-8,clearing current proofs:,state_root,32,"{""A"":""1024"",""B"":""512"",""K"":""8"",""N"":""1000000"",""context"":""historical_predecessor_after_apply"",""family"":""MMB""}"
004-sizes-1000000-1024-512-8,clearing current proofs:,forced_recovery_opening,850,"{""A"":""1024"",""B"":""512"",""K"":""8"",""N"":""1000000"",""context"":""historical_predecessor_after_apply"",""family"":""MMB""}"
004-sizes-1000000-1024-512-8,clearing current proofs:,membership_proof,810,"{""A"":""1024"",""B"":""512"",""K"":""8"",""N"":""1000000"",""context"":""historical_predecessor_after_apply"",""family"":""MMB""}"
004-sizes-1000000-1024-512-8,clearing current proofs:,membership_lookup,819,"{""A"":""1024"",""B"":""512"",""K"":""8"",""N"":""1000000"",""context"":""historical_predecessor_after_apply"",""family"":""MMB""}"
004-sizes-1000000-1024-512-8,clearing current proofs:,exclusion_proof,851,"{""A"":""1024"",""B"":""512"",""K"":""8"",""N"":""1000000"",""context"":""historical_predecessor_after_apply"",""family"":""MMB""}"
004-sizes-1000000-1024-512-8,clearing current proofs:,exclusion_lookup,852,"{""A"":""1024"",""B"":""512"",""K"":""8"",""N"":""1000000"",""context"":""historical_predecessor_after_apply"",""family"":""MMB""}"
004-sizes-1000000-1024-512-8,clearing omitted payer:,activity_absence,544,"{""A"":""1024"",""B"":""512"",""K"":""8"",""N"":""1000000"",""activity_rows"":""1023""}"
004-sizes-1000000-1024-512-8,clearing omitted payer:,challenge,753,"{""A"":""1024"",""B"":""512"",""K"":""8"",""N"":""1000000"",""activity_rows"":""1023""}"
004-sizes-1000000-1024-512-8,clearing calculator parity:,rows,1,"{""A"":""0"",""E"":""0"",""K"":""1"",""N"":""256"",""S"":""0"",""graph"":""sparse_first_last""}"
004-sizes-1000000-1024-512-8,clearing calculator parity:,signatures,0,"{""A"":""0"",""E"":""0"",""K"":""1"",""N"":""256"",""S"":""0"",""graph"":""sparse_first_last""}"
004-sizes-1000000-1024-512-8,clearing calculator parity:,entries,0,"{""A"":""0"",""E"":""0"",""K"":""1"",""N"":""256"",""S"":""0"",""graph"":""sparse_first_last""}"
004-sizes-1000000-1024-512-8,clearing calculator parity:,operator,1,"{""A"":""0"",""E"":""0"",""K"":""1"",""N"":""256"",""S"":""0"",""graph"":""sparse_first_last""}"
004-sizes-1000000-1024-512-8,clearing calculator parity:,dealing,2,"{""A"":""0"",""E"":""0"",""K"":""1"",""N"":""256"",""S"":""0"",""graph"":""sparse_first_last""}"
004-sizes-1000000-1024-512-8,clearing calculator parity:,rows,68,"{""A"":""2"",""E"":""1"",""K"":""1"",""N"":""256"",""S"":""1"",""graph"":""sparse_first_last""}"
004-sizes-1000000-1024-512-8,clearing calculator parity:,signatures,64,"{""A"":""2"",""E"":""1"",""K"":""1"",""N"":""256"",""S"":""1"",""graph"":""sparse_first_last""}"
004-sizes-1000000-1024-512-8,clearing calculator parity:,entries,5,"{""A"":""2"",""E"":""1"",""K"":""1"",""N"":""256"",""S"":""1"",""graph"":""sparse_first_last""}"
004-sizes-1000000-1024-512-8,clearing calculator parity:,operator,49,"{""A"":""2"",""E"":""1"",""K"":""1"",""N"":""256"",""S"":""1"",""graph"":""sparse_first_last""}"
004-sizes-1000000-1024-512-8,clearing calculator parity:,dealing,186,"{""A"":""2"",""E"":""1"",""K"":""1"",""N"":""256"",""S"":""1"",""graph"":""sparse_first_last""}"
004-sizes-1000000-1024-512-8,clearing calculator parity:,rows,4222,"{""A"":""126"",""E"":""63"",""K"":""1"",""N"":""256"",""S"":""63"",""graph"":""sparse_first_last""}"
004-sizes-1000000-1024-512-8,clearing calculator parity:,signatures,4032,"{""A"":""126"",""E"":""63"",""K"":""1"",""N"":""256"",""S"":""63"",""graph"":""sparse_first_last""}"
004-sizes-1000000-1024-512-8,clearing calculator parity:,entries,315,"{""A"":""126"",""E"":""63"",""K"":""1"",""N"":""256"",""S"":""63"",""graph"":""sparse_first_last""}"
004-sizes-1000000-1024-512-8,clearing calculator parity:,operator,49,"{""A"":""126"",""E"":""63"",""K"":""1"",""N"":""256"",""S"":""63"",""graph"":""sparse_first_last""}"
004-sizes-1000000-1024-512-8,clearing calculator parity:,dealing,8618,"{""A"":""126"",""E"":""63"",""K"":""1"",""N"":""256"",""S"":""63"",""graph"":""sparse_first_last""}"
004-sizes-1000000-1024-512-8,clearing calculator parity:,rows,4290,"{""A"":""128"",""E"":""64"",""K"":""1"",""N"":""256"",""S"":""64"",""graph"":""sparse_first_last""}"
004-sizes-1000000-1024-512-8,clearing calculator parity:,signatures,4096,"{""A"":""128"",""E"":""64"",""K"":""1"",""N"":""256"",""S"":""64"",""graph"":""sparse_first_last""}"
004-sizes-1000000-1024-512-8,clearing calculator parity:,entries,320,"{""A"":""128"",""E"":""64"",""K"":""1"",""N"":""256"",""S"":""64"",""graph"":""sparse_first_last""}"
004-sizes-1000000-1024-512-8,clearing calculator parity:,operator,49,"{""A"":""128"",""E"":""64"",""K"":""1"",""N"":""256"",""S"":""64"",""graph"":""sparse_first_last""}"
004-sizes-1000000-1024-512-8,clearing calculator parity:,dealing,8755,"{""A"":""128"",""E"":""64"",""K"":""1"",""N"":""256"",""S"":""64"",""graph"":""sparse_first_last""}"
004-sizes-1000000-1024-512-8,clearing calculator parity:,rows,4357,"{""A"":""130"",""E"":""65"",""K"":""1"",""N"":""256"",""S"":""65"",""graph"":""sparse_first_last""}"
004-sizes-1000000-1024-512-8,clearing calculator parity:,signatures,4160,"{""A"":""130"",""E"":""65"",""K"":""1"",""N"":""256"",""S"":""65"",""graph"":""sparse_first_last""}"
004-sizes-1000000-1024-512-8,clearing calculator parity:,entries,327,"{""A"":""130"",""E"":""65"",""K"":""1"",""N"":""256"",""S"":""65"",""graph"":""sparse_first_last""}"
004-sizes-1000000-1024-512-8,clearing calculator parity:,operator,49,"{""A"":""130"",""E"":""65"",""K"":""1"",""N"":""256"",""S"":""65"",""graph"":""sparse_first_last""}"
004-sizes-1000000-1024-512-8,clearing calculator parity:,dealing,8893,"{""A"":""130"",""E"":""65"",""K"":""1"",""N"":""256"",""S"":""65"",""graph"":""sparse_first_last""}"
004-sizes-1000000-1024-512-8,clearing calculator parity:,rows,8511,"{""A"":""254"",""E"":""127"",""K"":""1"",""N"":""256"",""S"":""127"",""graph"":""sparse_first_last""}"
004-sizes-1000000-1024-512-8,clearing calculator parity:,signatures,8128,"{""A"":""254"",""E"":""127"",""K"":""1"",""N"":""256"",""S"":""127"",""graph"":""sparse_first_last""}"
004-sizes-1000000-1024-512-8,clearing calculator parity:,entries,761,"{""A"":""254"",""E"":""127"",""K"":""1"",""N"":""256"",""S"":""127"",""graph"":""sparse_first_last""}"
004-sizes-1000000-1024-512-8,clearing calculator parity:,operator,49,"{""A"":""254"",""E"":""127"",""K"":""1"",""N"":""256"",""S"":""127"",""graph"":""sparse_first_last""}"
004-sizes-1000000-1024-512-8,clearing calculator parity:,dealing,17449,"{""A"":""254"",""E"":""127"",""K"":""1"",""N"":""256"",""S"":""127"",""graph"":""sparse_first_last""}"
004-sizes-1000000-1024-512-8,clearing calculator parity:,rows,8578,"{""A"":""256"",""E"":""128"",""K"":""1"",""N"":""256"",""S"":""128"",""graph"":""sparse_first_last""}"
004-sizes-1000000-1024-512-8,clearing calculator parity:,signatures,8192,"{""A"":""256"",""E"":""128"",""K"":""1"",""N"":""256"",""S"":""128"",""graph"":""sparse_first_last""}"
004-sizes-1000000-1024-512-8,clearing calculator parity:,entries,768,"{""A"":""256"",""E"":""128"",""K"":""1"",""N"":""256"",""S"":""128"",""graph"":""sparse_first_last""}"
004-sizes-1000000-1024-512-8,clearing calculator parity:,operator,49,"{""A"":""256"",""E"":""128"",""K"":""1"",""N"":""256"",""S"":""128"",""graph"":""sparse_first_last""}"
004-sizes-1000000-1024-512-8,clearing calculator parity:,dealing,17587,"{""A"":""256"",""E"":""128"",""K"":""1"",""N"":""256"",""S"":""128"",""graph"":""sparse_first_last""}"
004-sizes-1000000-1024-512-8,clearing calculator parity:,rows,8579,"{""A"":""256"",""E"":""129"",""K"":""1"",""N"":""256"",""S"":""129"",""graph"":""sparse_first_last""}"
004-sizes-1000000-1024-512-8,clearing calculator parity:,signatures,8256,"{""A"":""256"",""E"":""129"",""K"":""1"",""N"":""256"",""S"":""129"",""graph"":""sparse_first_last""}"
004-sizes-1000000-1024-512-8,clearing calculator parity:,entries,771,"{""A"":""256"",""E"":""129"",""K"":""1"",""N"":""256"",""S"":""129"",""graph"":""sparse_first_last""}"
004-sizes-1000000-1024-512-8,clearing calculator parity:,operator,49,"{""A"":""256"",""E"":""129"",""K"":""1"",""N"":""256"",""S"":""129"",""graph"":""sparse_first_last""}"
004-sizes-1000000-1024-512-8,clearing calculator parity:,dealing,17655,"{""A"":""256"",""E"":""129"",""K"":""1"",""N"":""256"",""S"":""129"",""graph"":""sparse_first_last""}"
004-sizes-1000000-1024-512-8,clearing calculator parity:,rows,8705,"{""A"":""256"",""E"":""255"",""K"":""1"",""N"":""256"",""S"":""255"",""graph"":""sparse_first_last""}"
004-sizes-1000000-1024-512-8,clearing calculator parity:,signatures,16320,"{""A"":""256"",""E"":""255"",""K"":""1"",""N"":""256"",""S"":""255"",""graph"":""sparse_first_last""}"
004-sizes-1000000-1024-512-8,clearing calculator parity:,entries,1149,"{""A"":""256"",""E"":""255"",""K"":""1"",""N"":""256"",""S"":""255"",""graph"":""sparse_first_last""}"
004-sizes-1000000-1024-512-8,clearing calculator parity:,operator,49,"{""A"":""256"",""E"":""255"",""K"":""1"",""N"":""256"",""S"":""255"",""graph"":""sparse_first_last""}"
004-sizes-1000000-1024-512-8,clearing calculator parity:,dealing,26223,"{""A"":""256"",""E"":""255"",""K"":""1"",""N"":""256"",""S"":""255"",""graph"":""sparse_first_last""}"
004-sizes-1000000-1024-512-8,clearing calculator parity:,rows,8706,"{""A"":""256"",""E"":""256"",""K"":""1"",""N"":""256"",""S"":""256"",""graph"":""cyclic""}"
004-sizes-1000000-1024-512-8,clearing calculator parity:,signatures,16384,"{""A"":""256"",""E"":""256"",""K"":""1"",""N"":""256"",""S"":""256"",""graph"":""cyclic""}"
004-sizes-1000000-1024-512-8,clearing calculator parity:,entries,1152,"{""A"":""256"",""E"":""256"",""K"":""1"",""N"":""256"",""S"":""256"",""graph"":""cyclic""}"
004-sizes-1000000-1024-512-8,clearing calculator parity:,operator,49,"{""A"":""256"",""E"":""256"",""K"":""1"",""N"":""256"",""S"":""256"",""graph"":""cyclic""}"
004-sizes-1000000-1024-512-8,clearing calculator parity:,dealing,26291,"{""A"":""256"",""E"":""256"",""K"":""1"",""N"":""256"",""S"":""256"",""graph"":""cyclic""}"
004-sizes-1000000-1024-512-8,clearing calculator parity:,rows,8706,"{""A"":""256"",""E"":""32512"",""K"":""127"",""N"":""256"",""S"":""256"",""graph"":""cyclic""}"
004-sizes-1000000-1024-512-8,clearing calculator parity:,signatures,16384,"{""A"":""256"",""E"":""32512"",""K"":""127"",""N"":""256"",""S"":""256"",""graph"":""cyclic""}"
004-sizes-1000000-1024-512-8,clearing calculator parity:,entries,114048,"{""A"":""256"",""E"":""32512"",""K"":""127"",""N"":""256"",""S"":""256"",""graph"":""cyclic""}"
004-sizes-1000000-1024-512-8,clearing calculator parity:,operator,49,"{""A"":""256"",""E"":""32512"",""K"":""127"",""N"":""256"",""S"":""256"",""graph"":""cyclic""}"
004-sizes-1000000-1024-512-8,clearing calculator parity:,dealing,139187,"{""A"":""256"",""E"":""32512"",""K"":""127"",""N"":""256"",""S"":""256"",""graph"":""cyclic""}"
004-sizes-1000000-1024-512-8,clearing calculator parity:,rows,8706,"{""A"":""256"",""E"":""32768"",""K"":""128"",""N"":""256"",""S"":""256"",""graph"":""cyclic""}"
004-sizes-1000000-1024-512-8,clearing calculator parity:,signatures,16384,"{""A"":""256"",""E"":""32768"",""K"":""128"",""N"":""256"",""S"":""256"",""graph"":""cyclic""}"
004-sizes-1000000-1024-512-8,clearing calculator parity:,entries,115200,"{""A"":""256"",""E"":""32768"",""K"":""128"",""N"":""256"",""S"":""256"",""graph"":""cyclic""}"
004-sizes-1000000-1024-512-8,clearing calculator parity:,operator,49,"{""A"":""256"",""E"":""32768"",""K"":""128"",""N"":""256"",""S"":""256"",""graph"":""cyclic""}"
004-sizes-1000000-1024-512-8,clearing calculator parity:,dealing,140339,"{""A"":""256"",""E"":""32768"",""K"":""128"",""N"":""256"",""S"":""256"",""graph"":""cyclic""}"
004-sizes-1000000-1024-512-8,clearing calculator parity:,rows,548867,"{""A"":""16384"",""E"":""8192"",""K"":""1"",""N"":""16385"",""S"":""8192"",""graph"":""sparse_first_last""}"
004-sizes-1000000-1024-512-8,clearing calculator parity:,signatures,524288,"{""A"":""16384"",""E"":""8192"",""K"":""1"",""N"":""16385"",""S"":""8192"",""graph"":""sparse_first_last""}"
004-sizes-1000000-1024-512-8,clearing calculator parity:,entries,49152,"{""A"":""16384"",""E"":""8192"",""K"":""1"",""N"":""16385"",""S"":""8192"",""graph"":""sparse_first_last""}"
004-sizes-1000000-1024-512-8,clearing calculator parity:,operator,49,"{""A"":""16384"",""E"":""8192"",""K"":""1"",""N"":""16385"",""S"":""8192"",""graph"":""sparse_first_last""}"
004-sizes-1000000-1024-512-8,clearing calculator parity:,dealing,1122356,"{""A"":""16384"",""E"":""8192"",""K"":""1"",""N"":""16385"",""S"":""8192"",""graph"":""sparse_first_last""}"
004-sizes-1000000-1024-512-8,clearing calculator parity:,rows,548901,"{""A"":""16385"",""E"":""8193"",""K"":""1"",""N"":""16385"",""S"":""8193"",""graph"":""sparse_first_last""}"
004-sizes-1000000-1024-512-8,clearing calculator parity:,signatures,524352,"{""A"":""16385"",""E"":""8193"",""K"":""1"",""N"":""16385"",""S"":""8193"",""graph"":""sparse_first_last""}"
004-sizes-1000000-1024-512-8,clearing calculator parity:,entries,49158,"{""A"":""16385"",""E"":""8193"",""K"":""1"",""N"":""16385"",""S"":""8193"",""graph"":""sparse_first_last""}"
004-sizes-1000000-1024-512-8,clearing calculator parity:,operator,49,"{""A"":""16385"",""E"":""8193"",""K"":""1"",""N"":""16385"",""S"":""8193"",""graph"":""sparse_first_last""}"
004-sizes-1000000-1024-512-8,clearing calculator parity:,dealing,1122460,"{""A"":""16385"",""E"":""8193"",""K"":""1"",""N"":""16385"",""S"":""8193"",""graph"":""sparse_first_last""}"
004-sizes-1000000-1024-512-8,clearing calculator parity:,rows,557093,"{""A"":""16385"",""E"":""16385"",""K"":""1"",""N"":""16385"",""S"":""16385"",""graph"":""cyclic""}"
004-sizes-1000000-1024-512-8,clearing calculator parity:,signatures,1048640,"{""A"":""16385"",""E"":""16385"",""K"":""1"",""N"":""16385"",""S"":""16385"",""graph"":""cyclic""}"
004-sizes-1000000-1024-512-8,clearing calculator parity:,entries,81798,"{""A"":""16385"",""E"":""16385"",""K"":""1"",""N"":""16385"",""S"":""16385"",""graph"":""cyclic""}"
004-sizes-1000000-1024-512-8,clearing calculator parity:,operator,49,"{""A"":""16385"",""E"":""16385"",""K"":""1"",""N"":""16385"",""S"":""16385"",""graph"":""cyclic""}"
004-sizes-1000000-1024-512-8,clearing calculator parity:,dealing,1687580,"{""A"":""16385"",""E"":""16385"",""K"":""1"",""N"":""16385"",""S"":""16385"",""graph"":""cyclic""}"
005-sizes-1000000-1024-8-8,clearing activity disclosure:,core,16,"{""A"":""1024"",""B"":""8"",""K"":""8"",""N"":""1000000""}"
005-sizes-1000000-1024-8-8,clearing activity disclosure:,value,48,"{""A"":""1024"",""B"":""8"",""K"":""8"",""N"":""1000000""}"
005-sizes-1000000-1024-8-8,clearing activity disclosure:,account_change,80,"{""A"":""1024"",""B"":""8"",""K"":""8"",""N"":""1000000""}"
005-sizes-1000000-1024-8-8,clearing sizes:,identical_dealing,126003,"{""A"":""1024"",""B"":""8"",""E"":""8192"",""K"":""8"",""N"":""1000000"",""rows"":""1024"",""validators"":""100""}"
005-sizes-1000000-1024-8-8,clearing sizes:,dealt_egress,12600300,"{""A"":""1024"",""B"":""8"",""E"":""8192"",""K"":""8"",""N"":""1000000"",""rows"":""1024"",""validators"":""100""}"
005-sizes-1000000-1024-8-8,clearing sizes:,integrated_commitment,32,"{""A"":""1024"",""B"":""8"",""E"":""8192"",""K"":""8"",""N"":""1000000"",""rows"":""1024"",""validators"":""100""}"
005-sizes-1000000-1024-8-8,clearing sizes:,root_bundle,184,"{""A"":""1024"",""B"":""8"",""E"":""8192"",""K"":""8"",""N"":""1000000"",""rows"":""1024"",""validators"":""100""}"
005-sizes-1000000-1024-8-8,clearing sizes:,withdrawal_total,8,"{""A"":""1024"",""B"":""8"",""E"":""8192"",""K"":""8"",""N"":""1000000"",""rows"":""1024"",""validators"":""100""}"
005-sizes-1000000-1024-8-8,clearing sizes:,descriptor,192,"{""A"":""1024"",""B"":""8"",""E"":""8192"",""K"":""8"",""N"":""1000000"",""rows"":""1024"",""validators"":""100""}"
005-sizes-1000000-1024-8-8,clearing sizes:,certificate,69,"{""A"":""1024"",""B"":""8"",""E"":""8192"",""K"":""8"",""N"":""1000000"",""rows"":""1024"",""validators"":""100""}"
005-sizes-1000000-1024-8-8,clearing sizes:,header_certificate,101,"{""A"":""1024"",""B"":""8"",""E"":""8192"",""K"":""8"",""N"":""1000000"",""rows"":""1024"",""validators"":""100""}"
005-sizes-1000000-1024-8-8,clearing sizes:,header_roots_withdrawal_total_certificate,293,"{""A"":""1024"",""B"":""8"",""E"":""8192"",""K"":""8"",""N"":""1000000"",""rows"":""1024"",""validators"":""100""}"
005-sizes-1000000-1024-8-8,clearing sizes:,entry_receipt,401,"{""A"":""1024"",""B"":""8"",""E"":""8192"",""K"":""8"",""N"":""1000000"",""rows"":""1024"",""validators"":""100""}"
005-sizes-1000000-1024-8-8,clearing empty payout epoch:,commit_opening,43,"{""W"":""0"",""commit_position"":""1"",""history_outputs"":""0"",""operations"":""2""}"
005-sizes-1000000-1024-8-8,clearing empty payout epoch:,root,48,"{""W"":""0"",""commit_position"":""1"",""history_outputs"":""0"",""operations"":""2""}"
005-sizes-1000000-1024-8-8,clearing withdrawal claim:,request,199,"{""A"":""1024"",""B"":""8"",""K"":""8"",""N"":""1000000"",""W"":""1"",""action"":""amount"",""fixture"":""native_keyless_mmr"",""history_outputs"":""0"",""operations"":""3"",""position"":""1""}"
005-sizes-1000000-1024-8-8,clearing withdrawal claim:,output,30,"{""A"":""1024"",""B"":""8"",""K"":""8"",""N"":""1000000"",""W"":""1"",""action"":""amount"",""fixture"":""native_keyless_mmr"",""history_outputs"":""0"",""operations"":""3"",""position"":""1""}"
005-sizes-1000000-1024-8-8,clearing withdrawal claim:,opening,75,"{""A"":""1024"",""B"":""8"",""K"":""8"",""N"":""1000000"",""W"":""1"",""action"":""amount"",""fixture"":""native_keyless_mmr"",""history_outputs"":""0"",""operations"":""3"",""position"":""1""}"
005-sizes-1000000-1024-8-8,clearing withdrawal claim:,claim,105,"{""A"":""1024"",""B"":""8"",""K"":""8"",""N"":""1000000"",""W"":""1"",""action"":""amount"",""fixture"":""native_keyless_mmr"",""history_outputs"":""0"",""operations"":""3"",""position"":""1""}"
005-sizes-1000000-1024-8-8,clearing withdrawal claim:,root,48,"{""A"":""1024"",""B"":""8"",""K"":""8"",""N"":""1000000"",""W"":""1"",""action"":""amount"",""fixture"":""native_keyless_mmr"",""history_outputs"":""0"",""operations"":""3"",""position"":""1""}"
005-sizes-1000000-1024-8-8,clearing withdrawal claim:,request,191,"{""A"":""1024"",""B"":""8"",""K"":""8"",""N"":""1000000"",""W"":""1"",""action"":""close"",""fixture"":""native_keyless_mmr"",""history_outputs"":""0"",""operations"":""3"",""position"":""1""}"
005-sizes-1000000-1024-8-8,clearing withdrawal claim:,output,30,"{""A"":""1024"",""B"":""8"",""K"":""8"",""N"":""1000000"",""W"":""1"",""action"":""close"",""fixture"":""native_keyless_mmr"",""history_outputs"":""0"",""operations"":""3"",""position"":""1""}"
005-sizes-1000000-1024-8-8,clearing withdrawal claim:,opening,75,"{""A"":""1024"",""B"":""8"",""K"":""8"",""N"":""1000000"",""W"":""1"",""action"":""close"",""fixture"":""native_keyless_mmr"",""history_outputs"":""0"",""operations"":""3"",""position"":""1""}"
005-sizes-1000000-1024-8-8,clearing withdrawal claim:,claim,105,"{""A"":""1024"",""B"":""8"",""K"":""8"",""N"":""1000000"",""W"":""1"",""action"":""close"",""fixture"":""native_keyless_mmr"",""history_outputs"":""0"",""operations"":""3"",""position"":""1""}"
005-sizes-1000000-1024-8-8,clearing withdrawal claim:,root,48,"{""A"":""1024"",""B"":""8"",""K"":""8"",""N"":""1000000"",""W"":""1"",""action"":""close"",""fixture"":""native_keyless_mmr"",""history_outputs"":""0"",""operations"":""3"",""position"":""1""}"
005-sizes-1000000-1024-8-8,clearing withdrawal claim:,request,199,"{""A"":""1024"",""B"":""8"",""K"":""8"",""N"":""1000000"",""W"":""1000000"",""action"":""amount"",""fixture"":""native_keyless_mmr"",""history_outputs"":""0"",""operations"":""1000002"",""position"":""500001""}"
005-sizes-1000000-1024-8-8,clearing withdrawal claim:,output,30,"{""A"":""1024"",""B"":""8"",""K"":""8"",""N"":""1000000"",""W"":""1000000"",""action"":""amount"",""fixture"":""native_keyless_mmr"",""history_outputs"":""0"",""operations"":""1000002"",""position"":""500001""}"
005-sizes-1000000-1024-8-8,clearing withdrawal claim:,opening,653,"{""A"":""1024"",""B"":""8"",""K"":""8"",""N"":""1000000"",""W"":""1000000"",""action"":""amount"",""fixture"":""native_keyless_mmr"",""history_outputs"":""0"",""operations"":""1000002"",""position"":""500001""}"
005-sizes-1000000-1024-8-8,clearing withdrawal claim:,claim,683,"{""A"":""1024"",""B"":""8"",""K"":""8"",""N"":""1000000"",""W"":""1000000"",""action"":""amount"",""fixture"":""native_keyless_mmr"",""history_outputs"":""0"",""operations"":""1000002"",""position"":""500001""}"
005-sizes-1000000-1024-8-8,clearing withdrawal claim:,root,48,"{""A"":""1024"",""B"":""8"",""K"":""8"",""N"":""1000000"",""W"":""1000000"",""action"":""amount"",""fixture"":""native_keyless_mmr"",""history_outputs"":""0"",""operations"":""1000002"",""position"":""500001""}"
005-sizes-1000000-1024-8-8,clearing withdrawal claim:,request,191,"{""A"":""1024"",""B"":""8"",""K"":""8"",""N"":""1000000"",""W"":""1000000"",""action"":""close"",""fixture"":""native_keyless_mmr"",""history_outputs"":""0"",""operations"":""1000002"",""position"":""500001""}"
005-sizes-1000000-1024-8-8,clearing withdrawal claim:,output,30,"{""A"":""1024"",""B"":""8"",""K"":""8"",""N"":""1000000"",""W"":""1000000"",""action"":""close"",""fixture"":""native_keyless_mmr"",""history_outputs"":""0"",""operations"":""1000002"",""position"":""500001""}"
005-sizes-1000000-1024-8-8,clearing withdrawal claim:,opening,653,"{""A"":""1024"",""B"":""8"",""K"":""8"",""N"":""1000000"",""W"":""1000000"",""action"":""close"",""fixture"":""native_keyless_mmr"",""history_outputs"":""0"",""operations"":""1000002"",""position"":""500001""}"
005-sizes-1000000-1024-8-8,clearing withdrawal claim:,claim,683,"{""A"":""1024"",""B"":""8"",""K"":""8"",""N"":""1000000"",""W"":""1000000"",""action"":""close"",""fixture"":""native_keyless_mmr"",""history_outputs"":""0"",""operations"":""1000002"",""position"":""500001""}"
005-sizes-1000000-1024-8-8,clearing withdrawal claim:,root,48,"{""A"":""1024"",""B"":""8"",""K"":""8"",""N"":""1000000"",""W"":""1000000"",""action"":""close"",""fixture"":""native_keyless_mmr"",""history_outputs"":""0"",""operations"":""1000002"",""position"":""500001""}"
005-sizes-1000000-1024-8-8,clearing empty payout epoch:,commit_opening,76,"{""W"":""0"",""commit_position"":""1026"",""history_outputs"":""1024"",""operations"":""1027""}"
005-sizes-1000000-1024-8-8,clearing empty payout epoch:,root,48,"{""W"":""0"",""commit_position"":""1026"",""history_outputs"":""1024"",""operations"":""1027""}"
005-sizes-1000000-1024-8-8,clearing withdrawal claim:,request,199,"{""A"":""1024"",""B"":""8"",""K"":""8"",""N"":""1000000"",""W"":""1"",""action"":""amount"",""fixture"":""native_keyless_mmr"",""history_outputs"":""1024"",""operations"":""1028"",""position"":""1026""}"
005-sizes-1000000-1024-8-8,clearing withdrawal claim:,output,30,"{""A"":""1024"",""B"":""8"",""K"":""8"",""N"":""1000000"",""W"":""1"",""action"":""amount"",""fixture"":""native_keyless_mmr"",""history_outputs"":""1024"",""operations"":""1028"",""position"":""1026""}"
005-sizes-1000000-1024-8-8,clearing withdrawal claim:,opening,108,"{""A"":""1024"",""B"":""8"",""K"":""8"",""N"":""1000000"",""W"":""1"",""action"":""amount"",""fixture"":""native_keyless_mmr"",""history_outputs"":""1024"",""operations"":""1028"",""position"":""1026""}"
005-sizes-1000000-1024-8-8,clearing withdrawal claim:,claim,138,"{""A"":""1024"",""B"":""8"",""K"":""8"",""N"":""1000000"",""W"":""1"",""action"":""amount"",""fixture"":""native_keyless_mmr"",""history_outputs"":""1024"",""operations"":""1028"",""position"":""1026""}"
005-sizes-1000000-1024-8-8,clearing withdrawal claim:,root,48,"{""A"":""1024"",""B"":""8"",""K"":""8"",""N"":""1000000"",""W"":""1"",""action"":""amount"",""fixture"":""native_keyless_mmr"",""history_outputs"":""1024"",""operations"":""1028"",""position"":""1026""}"
005-sizes-1000000-1024-8-8,clearing withdrawal claim:,request,191,"{""A"":""1024"",""B"":""8"",""K"":""8"",""N"":""1000000"",""W"":""1"",""action"":""close"",""fixture"":""native_keyless_mmr"",""history_outputs"":""1024"",""operations"":""1028"",""position"":""1026""}"
005-sizes-1000000-1024-8-8,clearing withdrawal claim:,output,30,"{""A"":""1024"",""B"":""8"",""K"":""8"",""N"":""1000000"",""W"":""1"",""action"":""close"",""fixture"":""native_keyless_mmr"",""history_outputs"":""1024"",""operations"":""1028"",""position"":""1026""}"
005-sizes-1000000-1024-8-8,clearing withdrawal claim:,opening,108,"{""A"":""1024"",""B"":""8"",""K"":""8"",""N"":""1000000"",""W"":""1"",""action"":""close"",""fixture"":""native_keyless_mmr"",""history_outputs"":""1024"",""operations"":""1028"",""position"":""1026""}"
005-sizes-1000000-1024-8-8,clearing withdrawal claim:,claim,138,"{""A"":""1024"",""B"":""8"",""K"":""8"",""N"":""1000000"",""W"":""1"",""action"":""close"",""fixture"":""native_keyless_mmr"",""history_outputs"":""1024"",""operations"":""1028"",""position"":""1026""}"
005-sizes-1000000-1024-8-8,clearing withdrawal claim:,root,48,"{""A"":""1024"",""B"":""8"",""K"":""8"",""N"":""1000000"",""W"":""1"",""action"":""close"",""fixture"":""native_keyless_mmr"",""history_outputs"":""1024"",""operations"":""1028"",""position"":""1026""}"
005-sizes-1000000-1024-8-8,clearing withdrawal claim:,request,199,"{""A"":""1024"",""B"":""8"",""K"":""8"",""N"":""1000000"",""W"":""1000000"",""action"":""amount"",""fixture"":""native_keyless_mmr"",""history_outputs"":""1024"",""operations"":""1001027"",""position"":""501026""}"
005-sizes-1000000-1024-8-8,clearing withdrawal claim:,output,30,"{""A"":""1024"",""B"":""8"",""K"":""8"",""N"":""1000000"",""W"":""1000000"",""action"":""amount"",""fixture"":""native_keyless_mmr"",""history_outputs"":""1024"",""operations"":""1001027"",""position"":""501026""}"
005-sizes-1000000-1024-8-8,clearing withdrawal claim:,opening,653,"{""A"":""1024"",""B"":""8"",""K"":""8"",""N"":""1000000"",""W"":""1000000"",""action"":""amount"",""fixture"":""native_keyless_mmr"",""history_outputs"":""1024"",""operations"":""1001027"",""position"":""501026""}"
005-sizes-1000000-1024-8-8,clearing withdrawal claim:,claim,683,"{""A"":""1024"",""B"":""8"",""K"":""8"",""N"":""1000000"",""W"":""1000000"",""action"":""amount"",""fixture"":""native_keyless_mmr"",""history_outputs"":""1024"",""operations"":""1001027"",""position"":""501026""}"
005-sizes-1000000-1024-8-8,clearing withdrawal claim:,root,48,"{""A"":""1024"",""B"":""8"",""K"":""8"",""N"":""1000000"",""W"":""1000000"",""action"":""amount"",""fixture"":""native_keyless_mmr"",""history_outputs"":""1024"",""operations"":""1001027"",""position"":""501026""}"
005-sizes-1000000-1024-8-8,clearing withdrawal claim:,request,191,"{""A"":""1024"",""B"":""8"",""K"":""8"",""N"":""1000000"",""W"":""1000000"",""action"":""close"",""fixture"":""native_keyless_mmr"",""history_outputs"":""1024"",""operations"":""1001027"",""position"":""501026""}"
005-sizes-1000000-1024-8-8,clearing withdrawal claim:,output,30,"{""A"":""1024"",""B"":""8"",""K"":""8"",""N"":""1000000"",""W"":""1000000"",""action"":""close"",""fixture"":""native_keyless_mmr"",""history_outputs"":""1024"",""operations"":""1001027"",""position"":""501026""}"
005-sizes-1000000-1024-8-8,clearing withdrawal claim:,opening,653,"{""A"":""1024"",""B"":""8"",""K"":""8"",""N"":""1000000"",""W"":""1000000"",""action"":""close"",""fixture"":""native_keyless_mmr"",""history_outputs"":""1024"",""operations"":""1001027"",""position"":""501026""}"
005-sizes-1000000-1024-8-8,clearing withdrawal claim:,claim,683,"{""A"":""1024"",""B"":""8"",""K"":""8"",""N"":""1000000"",""W"":""1000000"",""action"":""close"",""fixture"":""native_keyless_mmr"",""history_outputs"":""1024"",""operations"":""1001027"",""position"":""501026""}"
005-sizes-1000000-1024-8-8,clearing withdrawal claim:,root,48,"{""A"":""1024"",""B"":""8"",""K"":""8"",""N"":""1000000"",""W"":""1000000"",""action"":""close"",""fixture"":""native_keyless_mmr"",""history_outputs"":""1024"",""operations"":""1001027"",""position"":""501026""}"
005-sizes-1000000-1024-8-8,clearing empty payout epoch:,commit_opening,77,"{""W"":""0"",""commit_position"":""65538"",""history_outputs"":""65536"",""operations"":""65539""}"
005-sizes-1000000-1024-8-8,clearing empty payout epoch:,root,48,"{""W"":""0"",""commit_position"":""65538"",""history_outputs"":""65536"",""operations"":""65539""}"
005-sizes-1000000-1024-8-8,clearing withdrawal claim:,request,199,"{""A"":""1024"",""B"":""8"",""K"":""8"",""N"":""1000000"",""W"":""1"",""action"":""amount"",""fixture"":""native_keyless_mmr"",""history_outputs"":""65536"",""operations"":""65540"",""position"":""65538""}"
005-sizes-1000000-1024-8-8,clearing withdrawal claim:,output,30,"{""A"":""1024"",""B"":""8"",""K"":""8"",""N"":""1000000"",""W"":""1"",""action"":""amount"",""fixture"":""native_keyless_mmr"",""history_outputs"":""65536"",""operations"":""65540"",""position"":""65538""}"
005-sizes-1000000-1024-8-8,clearing withdrawal claim:,opening,109,"{""A"":""1024"",""B"":""8"",""K"":""8"",""N"":""1000000"",""W"":""1"",""action"":""amount"",""fixture"":""native_keyless_mmr"",""history_outputs"":""65536"",""operations"":""65540"",""position"":""65538""}"
005-sizes-1000000-1024-8-8,clearing withdrawal claim:,claim,139,"{""A"":""1024"",""B"":""8"",""K"":""8"",""N"":""1000000"",""W"":""1"",""action"":""amount"",""fixture"":""native_keyless_mmr"",""history_outputs"":""65536"",""operations"":""65540"",""position"":""65538""}"
005-sizes-1000000-1024-8-8,clearing withdrawal claim:,root,48,"{""A"":""1024"",""B"":""8"",""K"":""8"",""N"":""1000000"",""W"":""1"",""action"":""amount"",""fixture"":""native_keyless_mmr"",""history_outputs"":""65536"",""operations"":""65540"",""position"":""65538""}"
005-sizes-1000000-1024-8-8,clearing withdrawal claim:,request,191,"{""A"":""1024"",""B"":""8"",""K"":""8"",""N"":""1000000"",""W"":""1"",""action"":""close"",""fixture"":""native_keyless_mmr"",""history_outputs"":""65536"",""operations"":""65540"",""position"":""65538""}"
005-sizes-1000000-1024-8-8,clearing withdrawal claim:,output,30,"{""A"":""1024"",""B"":""8"",""K"":""8"",""N"":""1000000"",""W"":""1"",""action"":""close"",""fixture"":""native_keyless_mmr"",""history_outputs"":""65536"",""operations"":""65540"",""position"":""65538""}"
005-sizes-1000000-1024-8-8,clearing withdrawal claim:,opening,109,"{""A"":""1024"",""B"":""8"",""K"":""8"",""N"":""1000000"",""W"":""1"",""action"":""close"",""fixture"":""native_keyless_mmr"",""history_outputs"":""65536"",""operations"":""65540"",""position"":""65538""}"
005-sizes-1000000-1024-8-8,clearing withdrawal claim:,claim,139,"{""A"":""1024"",""B"":""8"",""K"":""8"",""N"":""1000000"",""W"":""1"",""action"":""close"",""fixture"":""native_keyless_mmr"",""history_outputs"":""65536"",""operations"":""65540"",""position"":""65538""}"
005-sizes-1000000-1024-8-8,clearing withdrawal claim:,root,48,"{""A"":""1024"",""B"":""8"",""K"":""8"",""N"":""1000000"",""W"":""1"",""action"":""close"",""fixture"":""native_keyless_mmr"",""history_outputs"":""65536"",""operations"":""65540"",""position"":""65538""}"
005-sizes-1000000-1024-8-8,clearing withdrawal claim:,request,199,"{""A"":""1024"",""B"":""8"",""K"":""8"",""N"":""1000000"",""W"":""1000000"",""action"":""amount"",""fixture"":""native_keyless_mmr"",""history_outputs"":""65536"",""operations"":""1065539"",""position"":""565538""}"
005-sizes-1000000-1024-8-8,clearing withdrawal claim:,output,30,"{""A"":""1024"",""B"":""8"",""K"":""8"",""N"":""1000000"",""W"":""1000000"",""action"":""amount"",""fixture"":""native_keyless_mmr"",""history_outputs"":""65536"",""operations"":""1065539"",""position"":""565538""}"
005-sizes-1000000-1024-8-8,clearing withdrawal claim:,opening,685,"{""A"":""1024"",""B"":""8"",""K"":""8"",""N"":""1000000"",""W"":""1000000"",""action"":""amount"",""fixture"":""native_keyless_mmr"",""history_outputs"":""65536"",""operations"":""1065539"",""position"":""565538""}"
005-sizes-1000000-1024-8-8,clearing withdrawal claim:,claim,715,"{""A"":""1024"",""B"":""8"",""K"":""8"",""N"":""1000000"",""W"":""1000000"",""action"":""amount"",""fixture"":""native_keyless_mmr"",""history_outputs"":""65536"",""operations"":""1065539"",""position"":""565538""}"
005-sizes-1000000-1024-8-8,clearing withdrawal claim:,root,48,"{""A"":""1024"",""B"":""8"",""K"":""8"",""N"":""1000000"",""W"":""1000000"",""action"":""amount"",""fixture"":""native_keyless_mmr"",""history_outputs"":""65536"",""operations"":""1065539"",""position"":""565538""}"
005-sizes-1000000-1024-8-8,clearing withdrawal claim:,request,191,"{""A"":""1024"",""B"":""8"",""K"":""8"",""N"":""1000000"",""W"":""1000000"",""action"":""close"",""fixture"":""native_keyless_mmr"",""history_outputs"":""65536"",""operations"":""1065539"",""position"":""565538""}"
005-sizes-1000000-1024-8-8,clearing withdrawal claim:,output,30,"{""A"":""1024"",""B"":""8"",""K"":""8"",""N"":""1000000"",""W"":""1000000"",""action"":""close"",""fixture"":""native_keyless_mmr"",""history_outputs"":""65536"",""operations"":""1065539"",""position"":""565538""}"
005-sizes-1000000-1024-8-8,clearing withdrawal claim:,opening,685,"{""A"":""1024"",""B"":""8"",""K"":""8"",""N"":""1000000"",""W"":""1000000"",""action"":""close"",""fixture"":""native_keyless_mmr"",""history_outputs"":""65536"",""operations"":""1065539"",""position"":""565538""}"
005-sizes-1000000-1024-8-8,clearing withdrawal claim:,claim,715,"{""A"":""1024"",""B"":""8"",""K"":""8"",""N"":""1000000"",""W"":""1000000"",""action"":""close"",""fixture"":""native_keyless_mmr"",""history_outputs"":""65536"",""operations"":""1065539"",""position"":""565538""}"
005-sizes-1000000-1024-8-8,clearing withdrawal claim:,root,48,"{""A"":""1024"",""B"":""8"",""K"":""8"",""N"":""1000000"",""W"":""1000000"",""action"":""close"",""fixture"":""native_keyless_mmr"",""history_outputs"":""65536"",""operations"":""1065539"",""position"":""565538""}"
005-sizes-1000000-1024-8-8,clearing current proofs:,state_root,32,"{""A"":""1024"",""B"":""8"",""K"":""8"",""N"":""1000000"",""context"":""predecessor"",""family"":""MMB""}"
005-sizes-1000000-1024-8-8,clearing current proofs:,forced_recovery_opening,850,"{""A"":""1024"",""B"":""8"",""K"":""8"",""N"":""1000000"",""context"":""predecessor"",""family"":""MMB""}"
005-sizes-1000000-1024-8-8,clearing current proofs:,membership_proof,810,"{""A"":""1024"",""B"":""8"",""K"":""8"",""N"":""1000000"",""context"":""predecessor"",""family"":""MMB""}"
005-sizes-1000000-1024-8-8,clearing current proofs:,membership_lookup,819,"{""A"":""1024"",""B"":""8"",""K"":""8"",""N"":""1000000"",""context"":""predecessor"",""family"":""MMB""}"
005-sizes-1000000-1024-8-8,clearing current proofs:,exclusion_proof,851,"{""A"":""1024"",""B"":""8"",""K"":""8"",""N"":""1000000"",""context"":""predecessor"",""family"":""MMB""}"
005-sizes-1000000-1024-8-8,clearing current proofs:,exclusion_lookup,852,"{""A"":""1024"",""B"":""8"",""K"":""8"",""N"":""1000000"",""context"":""predecessor"",""family"":""MMB""}"
005-sizes-1000000-1024-8-8,clearing challenge:,challenge,718,"{""A"":""1024"",""B"":""8"",""K"":""8"",""N"":""1000000"",""kind"":""debit""}"
005-sizes-1000000-1024-8-8,clearing challenge:,challenge,961,"{""A"":""1024"",""B"":""8"",""K"":""8"",""N"":""1000000"",""kind"":""entry""}"
005-sizes-1000000-1024-8-8,clearing challenge:,challenge,417,"{""A"":""1024"",""B"":""8"",""K"":""8"",""N"":""1000000"",""kind"":""fork""}"
005-sizes-1000000-1024-8-8,clearing current proofs:,state_root,32,"{""A"":""1024"",""B"":""8"",""K"":""8"",""N"":""1000000"",""context"":""successor_after_apply"",""family"":""MMB""}"
005-sizes-1000000-1024-8-8,clearing current proofs:,forced_recovery_opening,850,"{""A"":""1024"",""B"":""8"",""K"":""8"",""N"":""1000000"",""context"":""successor_after_apply"",""family"":""MMB""}"
005-sizes-1000000-1024-8-8,clearing current proofs:,membership_proof,810,"{""A"":""1024"",""B"":""8"",""K"":""8"",""N"":""1000000"",""context"":""successor_after_apply"",""family"":""MMB""}"
005-sizes-1000000-1024-8-8,clearing current proofs:,membership_lookup,819,"{""A"":""1024"",""B"":""8"",""K"":""8"",""N"":""1000000"",""context"":""successor_after_apply"",""family"":""MMB""}"
005-sizes-1000000-1024-8-8,clearing current proofs:,exclusion_proof,851,"{""A"":""1024"",""B"":""8"",""K"":""8"",""N"":""1000000"",""context"":""successor_after_apply"",""family"":""MMB""}"
005-sizes-1000000-1024-8-8,clearing current proofs:,exclusion_lookup,852,"{""A"":""1024"",""B"":""8"",""K"":""8"",""N"":""1000000"",""context"":""successor_after_apply"",""family"":""MMB""}"
005-sizes-1000000-1024-8-8,clearing current proofs:,state_root,32,"{""A"":""1024"",""B"":""8"",""K"":""8"",""N"":""1000000"",""context"":""historical_predecessor_after_apply"",""family"":""MMB""}"
005-sizes-1000000-1024-8-8,clearing current proofs:,forced_recovery_opening,850,"{""A"":""1024"",""B"":""8"",""K"":""8"",""N"":""1000000"",""context"":""historical_predecessor_after_apply"",""family"":""MMB""}"
005-sizes-1000000-1024-8-8,clearing current proofs:,membership_proof,810,"{""A"":""1024"",""B"":""8"",""K"":""8"",""N"":""1000000"",""context"":""historical_predecessor_after_apply"",""family"":""MMB""}"
005-sizes-1000000-1024-8-8,clearing current proofs:,membership_lookup,819,"{""A"":""1024"",""B"":""8"",""K"":""8"",""N"":""1000000"",""context"":""historical_predecessor_after_apply"",""family"":""MMB""}"
005-sizes-1000000-1024-8-8,clearing current proofs:,exclusion_proof,851,"{""A"":""1024"",""B"":""8"",""K"":""8"",""N"":""1000000"",""context"":""historical_predecessor_after_apply"",""family"":""MMB""}"
005-sizes-1000000-1024-8-8,clearing current proofs:,exclusion_lookup,852,"{""A"":""1024"",""B"":""8"",""K"":""8"",""N"":""1000000"",""context"":""historical_predecessor_after_apply"",""family"":""MMB""}"
005-sizes-1000000-1024-8-8,clearing omitted payer:,activity_absence,544,"{""A"":""1024"",""B"":""8"",""K"":""8"",""N"":""1000000"",""activity_rows"":""1023""}"
005-sizes-1000000-1024-8-8,clearing omitted payer:,challenge,753,"{""A"":""1024"",""B"":""8"",""K"":""8"",""N"":""1000000"",""activity_rows"":""1023""}"
005-sizes-1000000-1024-8-8,clearing calculator parity:,rows,1,"{""A"":""0"",""E"":""0"",""K"":""1"",""N"":""256"",""S"":""0"",""graph"":""sparse_first_last""}"
005-sizes-1000000-1024-8-8,clearing calculator parity:,signatures,0,"{""A"":""0"",""E"":""0"",""K"":""1"",""N"":""256"",""S"":""0"",""graph"":""sparse_first_last""}"
005-sizes-1000000-1024-8-8,clearing calculator parity:,entries,0,"{""A"":""0"",""E"":""0"",""K"":""1"",""N"":""256"",""S"":""0"",""graph"":""sparse_first_last""}"
005-sizes-1000000-1024-8-8,clearing calculator parity:,operator,1,"{""A"":""0"",""E"":""0"",""K"":""1"",""N"":""256"",""S"":""0"",""graph"":""sparse_first_last""}"
005-sizes-1000000-1024-8-8,clearing calculator parity:,dealing,2,"{""A"":""0"",""E"":""0"",""K"":""1"",""N"":""256"",""S"":""0"",""graph"":""sparse_first_last""}"
005-sizes-1000000-1024-8-8,clearing calculator parity:,rows,68,"{""A"":""2"",""E"":""1"",""K"":""1"",""N"":""256"",""S"":""1"",""graph"":""sparse_first_last""}"
005-sizes-1000000-1024-8-8,clearing calculator parity:,signatures,64,"{""A"":""2"",""E"":""1"",""K"":""1"",""N"":""256"",""S"":""1"",""graph"":""sparse_first_last""}"
005-sizes-1000000-1024-8-8,clearing calculator parity:,entries,5,"{""A"":""2"",""E"":""1"",""K"":""1"",""N"":""256"",""S"":""1"",""graph"":""sparse_first_last""}"
005-sizes-1000000-1024-8-8,clearing calculator parity:,operator,49,"{""A"":""2"",""E"":""1"",""K"":""1"",""N"":""256"",""S"":""1"",""graph"":""sparse_first_last""}"
005-sizes-1000000-1024-8-8,clearing calculator parity:,dealing,186,"{""A"":""2"",""E"":""1"",""K"":""1"",""N"":""256"",""S"":""1"",""graph"":""sparse_first_last""}"
005-sizes-1000000-1024-8-8,clearing calculator parity:,rows,4222,"{""A"":""126"",""E"":""63"",""K"":""1"",""N"":""256"",""S"":""63"",""graph"":""sparse_first_last""}"
005-sizes-1000000-1024-8-8,clearing calculator parity:,signatures,4032,"{""A"":""126"",""E"":""63"",""K"":""1"",""N"":""256"",""S"":""63"",""graph"":""sparse_first_last""}"
005-sizes-1000000-1024-8-8,clearing calculator parity:,entries,315,"{""A"":""126"",""E"":""63"",""K"":""1"",""N"":""256"",""S"":""63"",""graph"":""sparse_first_last""}"
005-sizes-1000000-1024-8-8,clearing calculator parity:,operator,49,"{""A"":""126"",""E"":""63"",""K"":""1"",""N"":""256"",""S"":""63"",""graph"":""sparse_first_last""}"
005-sizes-1000000-1024-8-8,clearing calculator parity:,dealing,8618,"{""A"":""126"",""E"":""63"",""K"":""1"",""N"":""256"",""S"":""63"",""graph"":""sparse_first_last""}"
005-sizes-1000000-1024-8-8,clearing calculator parity:,rows,4290,"{""A"":""128"",""E"":""64"",""K"":""1"",""N"":""256"",""S"":""64"",""graph"":""sparse_first_last""}"
005-sizes-1000000-1024-8-8,clearing calculator parity:,signatures,4096,"{""A"":""128"",""E"":""64"",""K"":""1"",""N"":""256"",""S"":""64"",""graph"":""sparse_first_last""}"
005-sizes-1000000-1024-8-8,clearing calculator parity:,entries,320,"{""A"":""128"",""E"":""64"",""K"":""1"",""N"":""256"",""S"":""64"",""graph"":""sparse_first_last""}"
005-sizes-1000000-1024-8-8,clearing calculator parity:,operator,49,"{""A"":""128"",""E"":""64"",""K"":""1"",""N"":""256"",""S"":""64"",""graph"":""sparse_first_last""}"
005-sizes-1000000-1024-8-8,clearing calculator parity:,dealing,8755,"{""A"":""128"",""E"":""64"",""K"":""1"",""N"":""256"",""S"":""64"",""graph"":""sparse_first_last""}"
005-sizes-1000000-1024-8-8,clearing calculator parity:,rows,4357,"{""A"":""130"",""E"":""65"",""K"":""1"",""N"":""256"",""S"":""65"",""graph"":""sparse_first_last""}"
005-sizes-1000000-1024-8-8,clearing calculator parity:,signatures,4160,"{""A"":""130"",""E"":""65"",""K"":""1"",""N"":""256"",""S"":""65"",""graph"":""sparse_first_last""}"
005-sizes-1000000-1024-8-8,clearing calculator parity:,entries,327,"{""A"":""130"",""E"":""65"",""K"":""1"",""N"":""256"",""S"":""65"",""graph"":""sparse_first_last""}"
005-sizes-1000000-1024-8-8,clearing calculator parity:,operator,49,"{""A"":""130"",""E"":""65"",""K"":""1"",""N"":""256"",""S"":""65"",""graph"":""sparse_first_last""}"
005-sizes-1000000-1024-8-8,clearing calculator parity:,dealing,8893,"{""A"":""130"",""E"":""65"",""K"":""1"",""N"":""256"",""S"":""65"",""graph"":""sparse_first_last""}"
005-sizes-1000000-1024-8-8,clearing calculator parity:,rows,8511,"{""A"":""254"",""E"":""127"",""K"":""1"",""N"":""256"",""S"":""127"",""graph"":""sparse_first_last""}"
005-sizes-1000000-1024-8-8,clearing calculator parity:,signatures,8128,"{""A"":""254"",""E"":""127"",""K"":""1"",""N"":""256"",""S"":""127"",""graph"":""sparse_first_last""}"
005-sizes-1000000-1024-8-8,clearing calculator parity:,entries,761,"{""A"":""254"",""E"":""127"",""K"":""1"",""N"":""256"",""S"":""127"",""graph"":""sparse_first_last""}"
005-sizes-1000000-1024-8-8,clearing calculator parity:,operator,49,"{""A"":""254"",""E"":""127"",""K"":""1"",""N"":""256"",""S"":""127"",""graph"":""sparse_first_last""}"
005-sizes-1000000-1024-8-8,clearing calculator parity:,dealing,17449,"{""A"":""254"",""E"":""127"",""K"":""1"",""N"":""256"",""S"":""127"",""graph"":""sparse_first_last""}"
005-sizes-1000000-1024-8-8,clearing calculator parity:,rows,8578,"{""A"":""256"",""E"":""128"",""K"":""1"",""N"":""256"",""S"":""128"",""graph"":""sparse_first_last""}"
005-sizes-1000000-1024-8-8,clearing calculator parity:,signatures,8192,"{""A"":""256"",""E"":""128"",""K"":""1"",""N"":""256"",""S"":""128"",""graph"":""sparse_first_last""}"
005-sizes-1000000-1024-8-8,clearing calculator parity:,entries,768,"{""A"":""256"",""E"":""128"",""K"":""1"",""N"":""256"",""S"":""128"",""graph"":""sparse_first_last""}"
005-sizes-1000000-1024-8-8,clearing calculator parity:,operator,49,"{""A"":""256"",""E"":""128"",""K"":""1"",""N"":""256"",""S"":""128"",""graph"":""sparse_first_last""}"
005-sizes-1000000-1024-8-8,clearing calculator parity:,dealing,17587,"{""A"":""256"",""E"":""128"",""K"":""1"",""N"":""256"",""S"":""128"",""graph"":""sparse_first_last""}"
005-sizes-1000000-1024-8-8,clearing calculator parity:,rows,8579,"{""A"":""256"",""E"":""129"",""K"":""1"",""N"":""256"",""S"":""129"",""graph"":""sparse_first_last""}"
005-sizes-1000000-1024-8-8,clearing calculator parity:,signatures,8256,"{""A"":""256"",""E"":""129"",""K"":""1"",""N"":""256"",""S"":""129"",""graph"":""sparse_first_last""}"
005-sizes-1000000-1024-8-8,clearing calculator parity:,entries,771,"{""A"":""256"",""E"":""129"",""K"":""1"",""N"":""256"",""S"":""129"",""graph"":""sparse_first_last""}"
005-sizes-1000000-1024-8-8,clearing calculator parity:,operator,49,"{""A"":""256"",""E"":""129"",""K"":""1"",""N"":""256"",""S"":""129"",""graph"":""sparse_first_last""}"
005-sizes-1000000-1024-8-8,clearing calculator parity:,dealing,17655,"{""A"":""256"",""E"":""129"",""K"":""1"",""N"":""256"",""S"":""129"",""graph"":""sparse_first_last""}"
005-sizes-1000000-1024-8-8,clearing calculator parity:,rows,8705,"{""A"":""256"",""E"":""255"",""K"":""1"",""N"":""256"",""S"":""255"",""graph"":""sparse_first_last""}"
005-sizes-1000000-1024-8-8,clearing calculator parity:,signatures,16320,"{""A"":""256"",""E"":""255"",""K"":""1"",""N"":""256"",""S"":""255"",""graph"":""sparse_first_last""}"
005-sizes-1000000-1024-8-8,clearing calculator parity:,entries,1149,"{""A"":""256"",""E"":""255"",""K"":""1"",""N"":""256"",""S"":""255"",""graph"":""sparse_first_last""}"
005-sizes-1000000-1024-8-8,clearing calculator parity:,operator,49,"{""A"":""256"",""E"":""255"",""K"":""1"",""N"":""256"",""S"":""255"",""graph"":""sparse_first_last""}"
005-sizes-1000000-1024-8-8,clearing calculator parity:,dealing,26223,"{""A"":""256"",""E"":""255"",""K"":""1"",""N"":""256"",""S"":""255"",""graph"":""sparse_first_last""}"
005-sizes-1000000-1024-8-8,clearing calculator parity:,rows,8706,"{""A"":""256"",""E"":""256"",""K"":""1"",""N"":""256"",""S"":""256"",""graph"":""cyclic""}"
005-sizes-1000000-1024-8-8,clearing calculator parity:,signatures,16384,"{""A"":""256"",""E"":""256"",""K"":""1"",""N"":""256"",""S"":""256"",""graph"":""cyclic""}"
005-sizes-1000000-1024-8-8,clearing calculator parity:,entries,1152,"{""A"":""256"",""E"":""256"",""K"":""1"",""N"":""256"",""S"":""256"",""graph"":""cyclic""}"
005-sizes-1000000-1024-8-8,clearing calculator parity:,operator,49,"{""A"":""256"",""E"":""256"",""K"":""1"",""N"":""256"",""S"":""256"",""graph"":""cyclic""}"
005-sizes-1000000-1024-8-8,clearing calculator parity:,dealing,26291,"{""A"":""256"",""E"":""256"",""K"":""1"",""N"":""256"",""S"":""256"",""graph"":""cyclic""}"
005-sizes-1000000-1024-8-8,clearing calculator parity:,rows,8706,"{""A"":""256"",""E"":""32512"",""K"":""127"",""N"":""256"",""S"":""256"",""graph"":""cyclic""}"
005-sizes-1000000-1024-8-8,clearing calculator parity:,signatures,16384,"{""A"":""256"",""E"":""32512"",""K"":""127"",""N"":""256"",""S"":""256"",""graph"":""cyclic""}"
005-sizes-1000000-1024-8-8,clearing calculator parity:,entries,114048,"{""A"":""256"",""E"":""32512"",""K"":""127"",""N"":""256"",""S"":""256"",""graph"":""cyclic""}"
005-sizes-1000000-1024-8-8,clearing calculator parity:,operator,49,"{""A"":""256"",""E"":""32512"",""K"":""127"",""N"":""256"",""S"":""256"",""graph"":""cyclic""}"
005-sizes-1000000-1024-8-8,clearing calculator parity:,dealing,139187,"{""A"":""256"",""E"":""32512"",""K"":""127"",""N"":""256"",""S"":""256"",""graph"":""cyclic""}"
005-sizes-1000000-1024-8-8,clearing calculator parity:,rows,8706,"{""A"":""256"",""E"":""32768"",""K"":""128"",""N"":""256"",""S"":""256"",""graph"":""cyclic""}"
005-sizes-1000000-1024-8-8,clearing calculator parity:,signatures,16384,"{""A"":""256"",""E"":""32768"",""K"":""128"",""N"":""256"",""S"":""256"",""graph"":""cyclic""}"
005-sizes-1000000-1024-8-8,clearing calculator parity:,entries,115200,"{""A"":""256"",""E"":""32768"",""K"":""128"",""N"":""256"",""S"":""256"",""graph"":""cyclic""}"
005-sizes-1000000-1024-8-8,clearing calculator parity:,operator,49,"{""A"":""256"",""E"":""32768"",""K"":""128"",""N"":""256"",""S"":""256"",""graph"":""cyclic""}"
005-sizes-1000000-1024-8-8,clearing calculator parity:,dealing,140339,"{""A"":""256"",""E"":""32768"",""K"":""128"",""N"":""256"",""S"":""256"",""graph"":""cyclic""}"
005-sizes-1000000-1024-8-8,clearing calculator parity:,rows,548867,"{""A"":""16384"",""E"":""8192"",""K"":""1"",""N"":""16385"",""S"":""8192"",""graph"":""sparse_first_last""}"
005-sizes-1000000-1024-8-8,clearing calculator parity:,signatures,524288,"{""A"":""16384"",""E"":""8192"",""K"":""1"",""N"":""16385"",""S"":""8192"",""graph"":""sparse_first_last""}"
005-sizes-1000000-1024-8-8,clearing calculator parity:,entries,49152,"{""A"":""16384"",""E"":""8192"",""K"":""1"",""N"":""16385"",""S"":""8192"",""graph"":""sparse_first_last""}"
005-sizes-1000000-1024-8-8,clearing calculator parity:,operator,49,"{""A"":""16384"",""E"":""8192"",""K"":""1"",""N"":""16385"",""S"":""8192"",""graph"":""sparse_first_last""}"
005-sizes-1000000-1024-8-8,clearing calculator parity:,dealing,1122356,"{""A"":""16384"",""E"":""8192"",""K"":""1"",""N"":""16385"",""S"":""8192"",""graph"":""sparse_first_last""}"
005-sizes-1000000-1024-8-8,clearing calculator parity:,rows,548901,"{""A"":""16385"",""E"":""8193"",""K"":""1"",""N"":""16385"",""S"":""8193"",""graph"":""sparse_first_last""}"
005-sizes-1000000-1024-8-8,clearing calculator parity:,signatures,524352,"{""A"":""16385"",""E"":""8193"",""K"":""1"",""N"":""16385"",""S"":""8193"",""graph"":""sparse_first_last""}"
005-sizes-1000000-1024-8-8,clearing calculator parity:,entries,49158,"{""A"":""16385"",""E"":""8193"",""K"":""1"",""N"":""16385"",""S"":""8193"",""graph"":""sparse_first_last""}"
005-sizes-1000000-1024-8-8,clearing calculator parity:,operator,49,"{""A"":""16385"",""E"":""8193"",""K"":""1"",""N"":""16385"",""S"":""8193"",""graph"":""sparse_first_last""}"
005-sizes-1000000-1024-8-8,clearing calculator parity:,dealing,1122460,"{""A"":""16385"",""E"":""8193"",""K"":""1"",""N"":""16385"",""S"":""8193"",""graph"":""sparse_first_last""}"
005-sizes-1000000-1024-8-8,clearing calculator parity:,rows,557093,"{""A"":""16385"",""E"":""16385"",""K"":""1"",""N"":""16385"",""S"":""16385"",""graph"":""cyclic""}"
005-sizes-1000000-1024-8-8,clearing calculator parity:,signatures,1048640,"{""A"":""16385"",""E"":""16385"",""K"":""1"",""N"":""16385"",""S"":""16385"",""graph"":""cyclic""}"
005-sizes-1000000-1024-8-8,clearing calculator parity:,entries,81798,"{""A"":""16385"",""E"":""16385"",""K"":""1"",""N"":""16385"",""S"":""16385"",""graph"":""cyclic""}"
005-sizes-1000000-1024-8-8,clearing calculator parity:,operator,49,"{""A"":""16385"",""E"":""16385"",""K"":""1"",""N"":""16385"",""S"":""16385"",""graph"":""cyclic""}"
005-sizes-1000000-1024-8-8,clearing calculator parity:,dealing,1687580,"{""A"":""16385"",""E"":""16385"",""K"":""1"",""N"":""16385"",""S"":""16385"",""graph"":""cyclic""}"
006-activity-H0-R0-check,native_activity absence_empty,lookup,4,"{""H"":""0"",""R"":""0"",""floor"":""0"",""operations"":""2""}"
006-activity-H0-R0-check,native_activity absence_empty,head,48,"{""H"":""0"",""R"":""0"",""floor"":""0"",""operations"":""2""}"
007-activity-H0-R1-check,native_activity presence,lookup,124,"{""H"":""0"",""R"":""1"",""floor"":""0"",""operations"":""3""}"
007-activity-H0-R1-check,native_activity presence,head,48,"{""H"":""0"",""R"":""1"",""floor"":""0"",""operations"":""3""}"
007-activity-H0-R1-check,native_activity absence_left,lookup,159,"{""H"":""0"",""R"":""1"",""floor"":""0"",""operations"":""3""}"
007-activity-H0-R1-check,native_activity absence_left,head,48,"{""H"":""0"",""R"":""1"",""floor"":""0"",""operations"":""3""}"
007-activity-H0-R1-check,native_activity absence_right,lookup,159,"{""H"":""0"",""R"":""1"",""floor"":""0"",""operations"":""3""}"
007-activity-H0-R1-check,native_activity absence_right,head,48,"{""H"":""0"",""R"":""1"",""floor"":""0"",""operations"":""3""}"
008-activity-H0-R2-check,native_activity presence,lookup,124,"{""H"":""0"",""R"":""2"",""floor"":""0"",""operations"":""4""}"
008-activity-H0-R2-check,native_activity presence,head,48,"{""H"":""0"",""R"":""2"",""floor"":""0"",""operations"":""4""}"
008-activity-H0-R2-check,native_activity absence_left,lookup,159,"{""H"":""0"",""R"":""2"",""floor"":""0"",""operations"":""4""}"
008-activity-H0-R2-check,native_activity absence_left,head,48,"{""H"":""0"",""R"":""2"",""floor"":""0"",""operations"":""4""}"
008-activity-H0-R2-check,native_activity absence_adjacent,lookup,239,"{""H"":""0"",""R"":""2"",""floor"":""0"",""operations"":""4""}"
008-activity-H0-R2-check,native_activity absence_adjacent,head,48,"{""H"":""0"",""R"":""2"",""floor"":""0"",""operations"":""4""}"
008-activity-H0-R2-check,native_activity absence_right,lookup,159,"{""H"":""0"",""R"":""2"",""floor"":""0"",""operations"":""4""}"
008-activity-H0-R2-check,native_activity absence_right,head,48,"{""H"":""0"",""R"":""2"",""floor"":""0"",""operations"":""4""}"
009-activity-H0-R128-check,native_activity presence,lookup,317,"{""H"":""0"",""R"":""128"",""floor"":""0"",""operations"":""130""}"
009-activity-H0-R128-check,native_activity presence,head,48,"{""H"":""0"",""R"":""128"",""floor"":""0"",""operations"":""130""}"
009-activity-H0-R128-check,native_activity absence_left,lookup,352,"{""H"":""0"",""R"":""128"",""floor"":""0"",""operations"":""130""}"
009-activity-H0-R128-check,native_activity absence_left,head,48,"{""H"":""0"",""R"":""128"",""floor"":""0"",""operations"":""130""}"
009-activity-H0-R128-check,native_activity absence_adjacent,lookup,400,"{""H"":""0"",""R"":""128"",""floor"":""0"",""operations"":""130""}"
009-activity-H0-R128-check,native_activity absence_adjacent,head,48,"{""H"":""0"",""R"":""128"",""floor"":""0"",""operations"":""130""}"
009-activity-H0-R128-check,native_activity absence_right,lookup,160,"{""H"":""0"",""R"":""128"",""floor"":""0"",""operations"":""130""}"
009-activity-H0-R128-check,native_activity absence_right,head,48,"{""H"":""0"",""R"":""128"",""floor"":""0"",""operations"":""130""}"
010-activity-H0-R1024-check,native_activity presence,lookup,413,"{""H"":""0"",""R"":""1024"",""floor"":""0"",""operations"":""1026""}"
010-activity-H0-R1024-check,native_activity presence,head,48,"{""H"":""0"",""R"":""1024"",""floor"":""0"",""operations"":""1026""}"
010-activity-H0-R1024-check,native_activity absence_left,lookup,448,"{""H"":""0"",""R"":""1024"",""floor"":""0"",""operations"":""1026""}"
010-activity-H0-R1024-check,native_activity absence_left,head,48,"{""H"":""0"",""R"":""1024"",""floor"":""0"",""operations"":""1026""}"
010-activity-H0-R1024-check,native_activity absence_adjacent,lookup,496,"{""H"":""0"",""R"":""1024"",""floor"":""0"",""operations"":""1026""}"
010-activity-H0-R1024-check,native_activity absence_adjacent,head,48,"{""H"":""0"",""R"":""1024"",""floor"":""0"",""operations"":""1026""}"
010-activity-H0-R1024-check,native_activity absence_right,lookup,160,"{""H"":""0"",""R"":""1024"",""floor"":""0"",""operations"":""1026""}"
010-activity-H0-R1024-check,native_activity absence_right,head,48,"{""H"":""0"",""R"":""1024"",""floor"":""0"",""operations"":""1026""}"
011-activity-H0-R1000000-check,native_activity presence,lookup,702,"{""H"":""0"",""R"":""1000000"",""floor"":""0"",""operations"":""1000002""}"
011-activity-H0-R1000000-check,native_activity presence,head,48,"{""H"":""0"",""R"":""1000000"",""floor"":""0"",""operations"":""1000002""}"
011-activity-H0-R1000000-check,native_activity absence_left,lookup,737,"{""H"":""0"",""R"":""1000000"",""floor"":""0"",""operations"":""1000002""}"
011-activity-H0-R1000000-check,native_activity absence_left,head,48,"{""H"":""0"",""R"":""1000000"",""floor"":""0"",""operations"":""1000002""}"
011-activity-H0-R1000000-check,native_activity absence_adjacent,lookup,785,"{""H"":""0"",""R"":""1000000"",""floor"":""0"",""operations"":""1000002""}"
011-activity-H0-R1000000-check,native_activity absence_adjacent,head,48,"{""H"":""0"",""R"":""1000000"",""floor"":""0"",""operations"":""1000002""}"
011-activity-H0-R1000000-check,native_activity absence_right,lookup,353,"{""H"":""0"",""R"":""1000000"",""floor"":""0"",""operations"":""1000002""}"
011-activity-H0-R1000000-check,native_activity absence_right,head,48,"{""H"":""0"",""R"":""1000000"",""floor"":""0"",""operations"":""1000002""}"
012-activity-H1024-R128-check,native_activity presence,lookup,349,"{""H"":""1024"",""R"":""128"",""floor"":""0"",""operations"":""1155""}"
012-activity-H1024-R128-check,native_activity presence,head,48,"{""H"":""1024"",""R"":""128"",""floor"":""0"",""operations"":""1155""}"
012-activity-H1024-R128-check,native_activity absence_left,lookup,384,"{""H"":""1024"",""R"":""128"",""floor"":""0"",""operations"":""1155""}"
012-activity-H1024-R128-check,native_activity absence_left,head,48,"{""H"":""1024"",""R"":""128"",""floor"":""0"",""operations"":""1155""}"
012-activity-H1024-R128-check,native_activity absence_adjacent,lookup,464,"{""H"":""1024"",""R"":""128"",""floor"":""0"",""operations"":""1155""}"
012-activity-H1024-R128-check,native_activity absence_adjacent,head,48,"{""H"":""1024"",""R"":""128"",""floor"":""0"",""operations"":""1155""}"
012-activity-H1024-R128-check,native_activity absence_right,lookup,224,"{""H"":""1024"",""R"":""128"",""floor"":""0"",""operations"":""1155""}"
012-activity-H1024-R128-check,native_activity absence_right,head,48,"{""H"":""1024"",""R"":""128"",""floor"":""0"",""operations"":""1155""}"
013-activity-H65536-R128-check,native_activity presence,lookup,350,"{""H"":""65536"",""R"":""128"",""floor"":""0"",""operations"":""65667""}"
013-activity-H65536-R128-check,native_activity presence,head,48,"{""H"":""65536"",""R"":""128"",""floor"":""0"",""operations"":""65667""}"
013-activity-H65536-R128-check,native_activity absence_left,lookup,385,"{""H"":""65536"",""R"":""128"",""floor"":""0"",""operations"":""65667""}"
013-activity-H65536-R128-check,native_activity absence_left,head,48,"{""H"":""65536"",""R"":""128"",""floor"":""0"",""operations"":""65667""}"
013-activity-H65536-R128-check,native_activity absence_adjacent,lookup,465,"{""H"":""65536"",""R"":""128"",""floor"":""0"",""operations"":""65667""}"
013-activity-H65536-R128-check,native_activity absence_adjacent,head,48,"{""H"":""65536"",""R"":""128"",""floor"":""0"",""operations"":""65667""}"
013-activity-H65536-R128-check,native_activity absence_right,lookup,225,"{""H"":""65536"",""R"":""128"",""floor"":""0"",""operations"":""65667""}"
013-activity-H65536-R128-check,native_activity absence_right,head,48,"{""H"":""65536"",""R"":""128"",""floor"":""0"",""operations"":""65667""}"
014-activity-H1000000-R128-check,native_activity presence,lookup,510,"{""H"":""1000000"",""R"":""128"",""floor"":""0"",""operations"":""1000131""}"
014-activity-H1000000-R128-check,native_activity presence,head,48,"{""H"":""1000000"",""R"":""128"",""floor"":""0"",""operations"":""1000131""}"
014-activity-H1000000-R128-check,native_activity absence_left,lookup,545,"{""H"":""1000000"",""R"":""128"",""floor"":""0"",""operations"":""1000131""}"
014-activity-H1000000-R128-check,native_activity absence_left,head,48,"{""H"":""1000000"",""R"":""128"",""floor"":""0"",""operations"":""1000131""}"
014-activity-H1000000-R128-check,native_activity absence_adjacent,lookup,625,"{""H"":""1000000"",""R"":""128"",""floor"":""0"",""operations"":""1000131""}"
014-activity-H1000000-R128-check,native_activity absence_adjacent,head,48,"{""H"":""1000000"",""R"":""128"",""floor"":""0"",""operations"":""1000131""}"
014-activity-H1000000-R128-check,native_activity absence_right,lookup,417,"{""H"":""1000000"",""R"":""128"",""floor"":""0"",""operations"":""1000131""}"
014-activity-H1000000-R128-check,native_activity absence_right,head,48,"{""H"":""1000000"",""R"":""128"",""floor"":""0"",""operations"":""1000131""}"
015-payout-H0-W0-check,native_payout empty_commit,opening,43,"{""H"":""0"",""N"":""1000000"",""W"":""0"",""floor"":""0"",""operations"":""2""}"
015-payout-H0-W0-check,native_payout empty_commit,artifact,46,"{""H"":""0"",""N"":""1000000"",""W"":""0"",""floor"":""0"",""operations"":""2""}"
015-payout-H0-W0-check,native_payout empty_commit,head,48,"{""H"":""0"",""N"":""1000000"",""W"":""0"",""floor"":""0"",""operations"":""2""}"
016-payout-H0-W1-check,native_payout current_first,opening,75,"{""H"":""0"",""N"":""1000000"",""W"":""1"",""floor"":""0"",""operations"":""3""}"
016-payout-H0-W1-check,native_payout current_first,artifact,105,"{""H"":""0"",""N"":""1000000"",""W"":""1"",""floor"":""0"",""operations"":""3""}"
016-payout-H0-W1-check,native_payout current_first,head,48,"{""H"":""0"",""N"":""1000000"",""W"":""1"",""floor"":""0"",""operations"":""3""}"
016-payout-H0-W1-check,native_payout current_middle,opening,75,"{""H"":""0"",""N"":""1000000"",""W"":""1"",""floor"":""0"",""operations"":""3""}"
016-payout-H0-W1-check,native_payout current_middle,artifact,105,"{""H"":""0"",""N"":""1000000"",""W"":""1"",""floor"":""0"",""operations"":""3""}"
016-payout-H0-W1-check,native_payout current_middle,head,48,"{""H"":""0"",""N"":""1000000"",""W"":""1"",""floor"":""0"",""operations"":""3""}"
016-payout-H0-W1-check,native_payout current_last,opening,75,"{""H"":""0"",""N"":""1000000"",""W"":""1"",""floor"":""0"",""operations"":""3""}"
016-payout-H0-W1-check,native_payout current_last,artifact,105,"{""H"":""0"",""N"":""1000000"",""W"":""1"",""floor"":""0"",""operations"":""3""}"
016-payout-H0-W1-check,native_payout current_last,head,48,"{""H"":""0"",""N"":""1000000"",""W"":""1"",""floor"":""0"",""operations"":""3""}"
016-payout-H0-W1-check,native_payout old_after_append,opening,107,"{""H"":""0"",""N"":""1000000"",""W"":""1"",""floor"":""0"",""operations"":""5""}"
016-payout-H0-W1-check,native_payout old_after_append,artifact,137,"{""H"":""0"",""N"":""1000000"",""W"":""1"",""floor"":""0"",""operations"":""5""}"
016-payout-H0-W1-check,native_payout old_after_append,head,48,"{""H"":""0"",""N"":""1000000"",""W"":""1"",""floor"":""0"",""operations"":""5""}"
016-payout-H0-W1-check,native_payout old_after_floor,opening,107,"{""H"":""0"",""N"":""1000000"",""W"":""1"",""floor"":""2"",""operations"":""7""}"
016-payout-H0-W1-check,native_payout old_after_floor,artifact,137,"{""H"":""0"",""N"":""1000000"",""W"":""1"",""floor"":""2"",""operations"":""7""}"
016-payout-H0-W1-check,native_payout old_after_floor,head,48,"{""H"":""0"",""N"":""1000000"",""W"":""1"",""floor"":""2"",""operations"":""7""}"
017-payout-H0-W1024-check,native_payout current_first,opening,364,"{""H"":""0"",""N"":""1000000"",""W"":""1024"",""floor"":""0"",""operations"":""1026""}"
017-payout-H0-W1024-check,native_payout current_first,artifact,394,"{""H"":""0"",""N"":""1000000"",""W"":""1024"",""floor"":""0"",""operations"":""1026""}"
017-payout-H0-W1024-check,native_payout current_first,head,48,"{""H"":""0"",""N"":""1000000"",""W"":""1024"",""floor"":""0"",""operations"":""1026""}"
017-payout-H0-W1024-check,native_payout current_middle,opening,364,"{""H"":""0"",""N"":""1000000"",""W"":""1024"",""floor"":""0"",""operations"":""1026""}"
017-payout-H0-W1024-check,native_payout current_middle,artifact,394,"{""H"":""0"",""N"":""1000000"",""W"":""1024"",""floor"":""0"",""operations"":""1026""}"
017-payout-H0-W1024-check,native_payout current_middle,head,48,"{""H"":""0"",""N"":""1000000"",""W"":""1024"",""floor"":""0"",""operations"":""1026""}"
017-payout-H0-W1024-check,native_payout current_last,opening,76,"{""H"":""0"",""N"":""1000000"",""W"":""1024"",""floor"":""0"",""operations"":""1026""}"
017-payout-H0-W1024-check,native_payout current_last,artifact,106,"{""H"":""0"",""N"":""1000000"",""W"":""1024"",""floor"":""0"",""operations"":""1026""}"
017-payout-H0-W1024-check,native_payout current_last,head,48,"{""H"":""0"",""N"":""1000000"",""W"":""1024"",""floor"":""0"",""operations"":""1026""}"
017-payout-H0-W1024-check,native_payout old_after_append,opening,364,"{""H"":""0"",""N"":""1000000"",""W"":""1024"",""floor"":""0"",""operations"":""1028""}"
017-payout-H0-W1024-check,native_payout old_after_append,artifact,394,"{""H"":""0"",""N"":""1000000"",""W"":""1024"",""floor"":""0"",""operations"":""1028""}"
017-payout-H0-W1024-check,native_payout old_after_append,head,48,"{""H"":""0"",""N"":""1000000"",""W"":""1024"",""floor"":""0"",""operations"":""1028""}"
017-payout-H0-W1024-check,native_payout old_after_floor,opening,364,"{""H"":""0"",""N"":""1000000"",""W"":""1024"",""floor"":""1025"",""operations"":""1030""}"
017-payout-H0-W1024-check,native_payout old_after_floor,artifact,394,"{""H"":""0"",""N"":""1000000"",""W"":""1024"",""floor"":""1025"",""operations"":""1030""}"
017-payout-H0-W1024-check,native_payout old_after_floor,head,48,"{""H"":""0"",""N"":""1000000"",""W"":""1024"",""floor"":""1025"",""operations"":""1030""}"
018-payout-H0-W500000-check,native_payout current_first,opening,621,"{""H"":""0"",""N"":""1000000"",""W"":""500000"",""floor"":""0"",""operations"":""500002""}"
018-payout-H0-W500000-check,native_payout current_first,artifact,651,"{""H"":""0"",""N"":""1000000"",""W"":""500000"",""floor"":""0"",""operations"":""500002""}"
018-payout-H0-W500000-check,native_payout current_first,head,48,"{""H"":""0"",""N"":""1000000"",""W"":""500000"",""floor"":""0"",""operations"":""500002""}"
018-payout-H0-W500000-check,native_payout current_middle,opening,621,"{""H"":""0"",""N"":""1000000"",""W"":""500000"",""floor"":""0"",""operations"":""500002""}"
018-payout-H0-W500000-check,native_payout current_middle,artifact,651,"{""H"":""0"",""N"":""1000000"",""W"":""500000"",""floor"":""0"",""operations"":""500002""}"
018-payout-H0-W500000-check,native_payout current_middle,head,48,"{""H"":""0"",""N"":""1000000"",""W"":""500000"",""floor"":""0"",""operations"":""500002""}"
018-payout-H0-W500000-check,native_payout current_last,opening,269,"{""H"":""0"",""N"":""1000000"",""W"":""500000"",""floor"":""0"",""operations"":""500002""}"
018-payout-H0-W500000-check,native_payout current_last,artifact,299,"{""H"":""0"",""N"":""1000000"",""W"":""500000"",""floor"":""0"",""operations"":""500002""}"
018-payout-H0-W500000-check,native_payout current_last,head,48,"{""H"":""0"",""N"":""1000000"",""W"":""500000"",""floor"":""0"",""operations"":""500002""}"
018-payout-H0-W500000-check,native_payout old_after_append,opening,621,"{""H"":""0"",""N"":""1000000"",""W"":""500000"",""floor"":""0"",""operations"":""500004""}"
018-payout-H0-W500000-check,native_payout old_after_append,artifact,651,"{""H"":""0"",""N"":""1000000"",""W"":""500000"",""floor"":""0"",""operations"":""500004""}"
018-payout-H0-W500000-check,native_payout old_after_append,head,48,"{""H"":""0"",""N"":""1000000"",""W"":""500000"",""floor"":""0"",""operations"":""500004""}"
018-payout-H0-W500000-check,native_payout old_after_floor,opening,813,"{""H"":""0"",""N"":""1000000"",""W"":""500000"",""floor"":""500001"",""operations"":""500006""}"
018-payout-H0-W500000-check,native_payout old_after_floor,artifact,843,"{""H"":""0"",""N"":""1000000"",""W"":""500000"",""floor"":""500001"",""operations"":""500006""}"
018-payout-H0-W500000-check,native_payout old_after_floor,head,48,"{""H"":""0"",""N"":""1000000"",""W"":""500000"",""floor"":""500001"",""operations"":""500006""}"
019-payout-H0-W1000000-check,native_payout current_first,opening,653,"{""H"":""0"",""N"":""1000000"",""W"":""1000000"",""floor"":""0"",""operations"":""1000002""}"
019-payout-H0-W1000000-check,native_payout current_first,artifact,683,"{""H"":""0"",""N"":""1000000"",""W"":""1000000"",""floor"":""0"",""operations"":""1000002""}"
019-payout-H0-W1000000-check,native_payout current_first,head,48,"{""H"":""0"",""N"":""1000000"",""W"":""1000000"",""floor"":""0"",""operations"":""1000002""}"
019-payout-H0-W1000000-check,native_payout current_middle,opening,653,"{""H"":""0"",""N"":""1000000"",""W"":""1000000"",""floor"":""0"",""operations"":""1000002""}"
019-payout-H0-W1000000-check,native_payout current_middle,artifact,683,"{""H"":""0"",""N"":""1000000"",""W"":""1000000"",""floor"":""0"",""operations"":""1000002""}"
019-payout-H0-W1000000-check,native_payout current_middle,head,48,"{""H"":""0"",""N"":""1000000"",""W"":""1000000"",""floor"":""0"",""operations"":""1000002""}"
019-payout-H0-W1000000-check,native_payout current_last,opening,269,"{""H"":""0"",""N"":""1000000"",""W"":""1000000"",""floor"":""0"",""operations"":""1000002""}"
019-payout-H0-W1000000-check,native_payout current_last,artifact,299,"{""H"":""0"",""N"":""1000000"",""W"":""1000000"",""floor"":""0"",""operations"":""1000002""}"
019-payout-H0-W1000000-check,native_payout current_last,head,48,"{""H"":""0"",""N"":""1000000"",""W"":""1000000"",""floor"":""0"",""operations"":""1000002""}"
019-payout-H0-W1000000-check,native_payout old_after_append,opening,653,"{""H"":""0"",""N"":""1000000"",""W"":""1000000"",""floor"":""0"",""operations"":""1000004""}"
019-payout-H0-W1000000-check,native_payout old_after_append,artifact,683,"{""H"":""0"",""N"":""1000000"",""W"":""1000000"",""floor"":""0"",""operations"":""1000004""}"
019-payout-H0-W1000000-check,native_payout old_after_append,head,48,"{""H"":""0"",""N"":""1000000"",""W"":""1000000"",""floor"":""0"",""operations"":""1000004""}"
019-payout-H0-W1000000-check,native_payout old_after_floor,opening,845,"{""H"":""0"",""N"":""1000000"",""W"":""1000000"",""floor"":""1000001"",""operations"":""1000006""}"
019-payout-H0-W1000000-check,native_payout old_after_floor,artifact,875,"{""H"":""0"",""N"":""1000000"",""W"":""1000000"",""floor"":""1000001"",""operations"":""1000006""}"
019-payout-H0-W1000000-check,native_payout old_after_floor,head,48,"{""H"":""0"",""N"":""1000000"",""W"":""1000000"",""floor"":""1000001"",""operations"":""1000006""}"
020-payout-H1024-W1-check,native_payout historical,opening,364,"{""H"":""1024"",""N"":""1000000"",""W"":""1"",""floor"":""0"",""operations"":""1026""}"
020-payout-H1024-W1-check,native_payout historical,artifact,394,"{""H"":""1024"",""N"":""1000000"",""W"":""1"",""floor"":""0"",""operations"":""1026""}"
020-payout-H1024-W1-check,native_payout historical,head,48,"{""H"":""1024"",""N"":""1000000"",""W"":""1"",""floor"":""0"",""operations"":""1026""}"
020-payout-H1024-W1-check,native_payout historical_refreshed,opening,364,"{""H"":""1024"",""N"":""1000000"",""W"":""1"",""floor"":""0"",""operations"":""1028""}"
020-payout-H1024-W1-check,native_payout historical_refreshed,artifact,394,"{""H"":""1024"",""N"":""1000000"",""W"":""1"",""floor"":""0"",""operations"":""1028""}"
020-payout-H1024-W1-check,native_payout historical_refreshed,head,48,"{""H"":""1024"",""N"":""1000000"",""W"":""1"",""floor"":""0"",""operations"":""1028""}"
020-payout-H1024-W1-check,native_payout current_first,opening,108,"{""H"":""1024"",""N"":""1000000"",""W"":""1"",""floor"":""0"",""operations"":""1028""}"
020-payout-H1024-W1-check,native_payout current_first,artifact,138,"{""H"":""1024"",""N"":""1000000"",""W"":""1"",""floor"":""0"",""operations"":""1028""}"
020-payout-H1024-W1-check,native_payout current_first,head,48,"{""H"":""1024"",""N"":""1000000"",""W"":""1"",""floor"":""0"",""operations"":""1028""}"
020-payout-H1024-W1-check,native_payout current_middle,opening,108,"{""H"":""1024"",""N"":""1000000"",""W"":""1"",""floor"":""0"",""operations"":""1028""}"
020-payout-H1024-W1-check,native_payout current_middle,artifact,138,"{""H"":""1024"",""N"":""1000000"",""W"":""1"",""floor"":""0"",""operations"":""1028""}"
020-payout-H1024-W1-check,native_payout current_middle,head,48,"{""H"":""1024"",""N"":""1000000"",""W"":""1"",""floor"":""0"",""operations"":""1028""}"
020-payout-H1024-W1-check,native_payout current_last,opening,108,"{""H"":""1024"",""N"":""1000000"",""W"":""1"",""floor"":""0"",""operations"":""1028""}"
020-payout-H1024-W1-check,native_payout current_last,artifact,138,"{""H"":""1024"",""N"":""1000000"",""W"":""1"",""floor"":""0"",""operations"":""1028""}"
020-payout-H1024-W1-check,native_payout current_last,head,48,"{""H"":""1024"",""N"":""1000000"",""W"":""1"",""floor"":""0"",""operations"":""1028""}"
020-payout-H1024-W1-check,native_payout old_after_append,opening,140,"{""H"":""1024"",""N"":""1000000"",""W"":""1"",""floor"":""0"",""operations"":""1030""}"
020-payout-H1024-W1-check,native_payout old_after_append,artifact,170,"{""H"":""1024"",""N"":""1000000"",""W"":""1"",""floor"":""0"",""operations"":""1030""}"
020-payout-H1024-W1-check,native_payout old_after_append,head,48,"{""H"":""1024"",""N"":""1000000"",""W"":""1"",""floor"":""0"",""operations"":""1030""}"
020-payout-H1024-W1-check,native_payout old_after_floor,opening,140,"{""H"":""1024"",""N"":""1000000"",""W"":""1"",""floor"":""1027"",""operations"":""1032""}"
020-payout-H1024-W1-check,native_payout old_after_floor,artifact,170,"{""H"":""1024"",""N"":""1000000"",""W"":""1"",""floor"":""1027"",""operations"":""1032""}"
020-payout-H1024-W1-check,native_payout old_after_floor,head,48,"{""H"":""1024"",""N"":""1000000"",""W"":""1"",""floor"":""1027"",""operations"":""1032""}"
021-payout-H65536-W1-check,native_payout historical,opening,557,"{""H"":""65536"",""N"":""1000000"",""W"":""1"",""floor"":""0"",""operations"":""65538""}"
021-payout-H65536-W1-check,native_payout historical,artifact,587,"{""H"":""65536"",""N"":""1000000"",""W"":""1"",""floor"":""0"",""operations"":""65538""}"
021-payout-H65536-W1-check,native_payout historical,head,48,"{""H"":""65536"",""N"":""1000000"",""W"":""1"",""floor"":""0"",""operations"":""65538""}"
021-payout-H65536-W1-check,native_payout historical_refreshed,opening,557,"{""H"":""65536"",""N"":""1000000"",""W"":""1"",""floor"":""0"",""operations"":""65540""}"
021-payout-H65536-W1-check,native_payout historical_refreshed,artifact,587,"{""H"":""65536"",""N"":""1000000"",""W"":""1"",""floor"":""0"",""operations"":""65540""}"
021-payout-H65536-W1-check,native_payout historical_refreshed,head,48,"{""H"":""65536"",""N"":""1000000"",""W"":""1"",""floor"":""0"",""operations"":""65540""}"
021-payout-H65536-W1-check,native_payout current_first,opening,109,"{""H"":""65536"",""N"":""1000000"",""W"":""1"",""floor"":""0"",""operations"":""65540""}"
021-payout-H65536-W1-check,native_payout current_first,artifact,139,"{""H"":""65536"",""N"":""1000000"",""W"":""1"",""floor"":""0"",""operations"":""65540""}"
021-payout-H65536-W1-check,native_payout current_first,head,48,"{""H"":""65536"",""N"":""1000000"",""W"":""1"",""floor"":""0"",""operations"":""65540""}"
021-payout-H65536-W1-check,native_payout current_middle,opening,109,"{""H"":""65536"",""N"":""1000000"",""W"":""1"",""floor"":""0"",""operations"":""65540""}"
021-payout-H65536-W1-check,native_payout current_middle,artifact,139,"{""H"":""65536"",""N"":""1000000"",""W"":""1"",""floor"":""0"",""operations"":""65540""}"
021-payout-H65536-W1-check,native_payout current_middle,head,48,"{""H"":""65536"",""N"":""1000000"",""W"":""1"",""floor"":""0"",""operations"":""65540""}"
021-payout-H65536-W1-check,native_payout current_last,opening,109,"{""H"":""65536"",""N"":""1000000"",""W"":""1"",""floor"":""0"",""operations"":""65540""}"
021-payout-H65536-W1-check,native_payout current_last,artifact,139,"{""H"":""65536"",""N"":""1000000"",""W"":""1"",""floor"":""0"",""operations"":""65540""}"
021-payout-H65536-W1-check,native_payout current_last,head,48,"{""H"":""65536"",""N"":""1000000"",""W"":""1"",""floor"":""0"",""operations"":""65540""}"
021-payout-H65536-W1-check,native_payout old_after_append,opening,141,"{""H"":""65536"",""N"":""1000000"",""W"":""1"",""floor"":""0"",""operations"":""65542""}"
021-payout-H65536-W1-check,native_payout old_after_append,artifact,171,"{""H"":""65536"",""N"":""1000000"",""W"":""1"",""floor"":""0"",""operations"":""65542""}"
021-payout-H65536-W1-check,native_payout old_after_append,head,48,"{""H"":""65536"",""N"":""1000000"",""W"":""1"",""floor"":""0"",""operations"":""65542""}"
021-payout-H65536-W1-check,native_payout old_after_floor,opening,141,"{""H"":""65536"",""N"":""1000000"",""W"":""1"",""floor"":""65539"",""operations"":""65544""}"
021-payout-H65536-W1-check,native_payout old_after_floor,artifact,171,"{""H"":""65536"",""N"":""1000000"",""W"":""1"",""floor"":""65539"",""operations"":""65544""}"
021-payout-H65536-W1-check,native_payout old_after_floor,head,48,"{""H"":""65536"",""N"":""1000000"",""W"":""1"",""floor"":""65539"",""operations"":""65544""}"
022-payout-H1000000-W1-check,native_payout historical,opening,653,"{""H"":""1000000"",""N"":""1000000"",""W"":""1"",""floor"":""0"",""operations"":""1000002""}"
022-payout-H1000000-W1-check,native_payout historical,artifact,683,"{""H"":""1000000"",""N"":""1000000"",""W"":""1"",""floor"":""0"",""operations"":""1000002""}"
022-payout-H1000000-W1-check,native_payout historical,head,48,"{""H"":""1000000"",""N"":""1000000"",""W"":""1"",""floor"":""0"",""operations"":""1000002""}"
022-payout-H1000000-W1-check,native_payout historical_refreshed,opening,653,"{""H"":""1000000"",""N"":""1000000"",""W"":""1"",""floor"":""0"",""operations"":""1000004""}"
022-payout-H1000000-W1-check,native_payout historical_refreshed,artifact,683,"{""H"":""1000000"",""N"":""1000000"",""W"":""1"",""floor"":""0"",""operations"":""1000004""}"
022-payout-H1000000-W1-check,native_payout historical_refreshed,head,48,"{""H"":""1000000"",""N"":""1000000"",""W"":""1"",""floor"":""0"",""operations"":""1000004""}"
022-payout-H1000000-W1-check,native_payout current_first,opening,301,"{""H"":""1000000"",""N"":""1000000"",""W"":""1"",""floor"":""0"",""operations"":""1000004""}"
022-payout-H1000000-W1-check,native_payout current_first,artifact,331,"{""H"":""1000000"",""N"":""1000000"",""W"":""1"",""floor"":""0"",""operations"":""1000004""}"
022-payout-H1000000-W1-check,native_payout current_first,head,48,"{""H"":""1000000"",""N"":""1000000"",""W"":""1"",""floor"":""0"",""operations"":""1000004""}"
022-payout-H1000000-W1-check,native_payout current_middle,opening,301,"{""H"":""1000000"",""N"":""1000000"",""W"":""1"",""floor"":""0"",""operations"":""1000004""}"
022-payout-H1000000-W1-check,native_payout current_middle,artifact,331,"{""H"":""1000000"",""N"":""1000000"",""W"":""1"",""floor"":""0"",""operations"":""1000004""}"
022-payout-H1000000-W1-check,native_payout current_middle,head,48,"{""H"":""1000000"",""N"":""1000000"",""W"":""1"",""floor"":""0"",""operations"":""1000004""}"
022-payout-H1000000-W1-check,native_payout current_last,opening,301,"{""H"":""1000000"",""N"":""1000000"",""W"":""1"",""floor"":""0"",""operations"":""1000004""}"
022-payout-H1000000-W1-check,native_payout current_last,artifact,331,"{""H"":""1000000"",""N"":""1000000"",""W"":""1"",""floor"":""0"",""operations"":""1000004""}"
022-payout-H1000000-W1-check,native_payout current_last,head,48,"{""H"":""1000000"",""N"":""1000000"",""W"":""1"",""floor"":""0"",""operations"":""1000004""}"
022-payout-H1000000-W1-check,native_payout old_after_append,opening,333,"{""H"":""1000000"",""N"":""1000000"",""W"":""1"",""floor"":""0"",""operations"":""1000006""}"
022-payout-H1000000-W1-check,native_payout old_after_append,artifact,363,"{""H"":""1000000"",""N"":""1000000"",""W"":""1"",""floor"":""0"",""operations"":""1000006""}"
022-payout-H1000000-W1-check,native_payout old_after_append,head,48,"{""H"":""1000000"",""N"":""1000000"",""W"":""1"",""floor"":""0"",""operations"":""1000006""}"
022-payout-H1000000-W1-check,native_payout old_after_floor,opening,141,"{""H"":""1000000"",""N"":""1000000"",""W"":""1"",""floor"":""1000003"",""operations"":""1000008""}"
022-payout-H1000000-W1-check,native_payout old_after_floor,artifact,171,"{""H"":""1000000"",""N"":""1000000"",""W"":""1"",""floor"":""1000003"",""operations"":""1000008""}"
022-payout-H1000000-W1-check,native_payout old_after_floor,head,48,"{""H"":""1000000"",""N"":""1000000"",""W"":""1"",""floor"":""1000003"",""operations"":""1000008""}"
023-challenge-1000000-1000000-512-1,clearing activity disclosure:,core,16,"{""A"":""1000000"",""B"":""512"",""K"":""1"",""N"":""1000000""}"
023-challenge-1000000-1000000-512-1,clearing activity disclosure:,value,48,"{""A"":""1000000"",""B"":""512"",""K"":""1"",""N"":""1000000""}"
023-challenge-1000000-1000000-512-1,clearing activity disclosure:,account_change,80,"{""A"":""1000000"",""B"":""512"",""K"":""1"",""N"":""1000000""}"
023-challenge-1000000-1000000-512-1,clearing sizes:,identical_dealing,102750004,"{""A"":""1000000"",""B"":""512"",""E"":""1000000"",""K"":""1"",""N"":""1000000"",""rows"":""1000000"",""validators"":""100""}"
023-challenge-1000000-1000000-512-1,clearing sizes:,dealt_egress,10275000400,"{""A"":""1000000"",""B"":""512"",""E"":""1000000"",""K"":""1"",""N"":""1000000"",""rows"":""1000000"",""validators"":""100""}"
023-challenge-1000000-1000000-512-1,clearing sizes:,integrated_commitment,32,"{""A"":""1000000"",""B"":""512"",""E"":""1000000"",""K"":""1"",""N"":""1000000"",""rows"":""1000000"",""validators"":""100""}"
023-challenge-1000000-1000000-512-1,clearing sizes:,root_bundle,184,"{""A"":""1000000"",""B"":""512"",""E"":""1000000"",""K"":""1"",""N"":""1000000"",""rows"":""1000000"",""validators"":""100""}"
023-challenge-1000000-1000000-512-1,clearing sizes:,withdrawal_total,8,"{""A"":""1000000"",""B"":""512"",""E"":""1000000"",""K"":""1"",""N"":""1000000"",""rows"":""1000000"",""validators"":""100""}"
023-challenge-1000000-1000000-512-1,clearing sizes:,descriptor,192,"{""A"":""1000000"",""B"":""512"",""E"":""1000000"",""K"":""1"",""N"":""1000000"",""rows"":""1000000"",""validators"":""100""}"
023-challenge-1000000-1000000-512-1,clearing sizes:,certificate,69,"{""A"":""1000000"",""B"":""512"",""E"":""1000000"",""K"":""1"",""N"":""1000000"",""rows"":""1000000"",""validators"":""100""}"
023-challenge-1000000-1000000-512-1,clearing sizes:,header_certificate,101,"{""A"":""1000000"",""B"":""512"",""E"":""1000000"",""K"":""1"",""N"":""1000000"",""rows"":""1000000"",""validators"":""100""}"
023-challenge-1000000-1000000-512-1,clearing sizes:,header_roots_withdrawal_total_certificate,293,"{""A"":""1000000"",""B"":""512"",""E"":""1000000"",""K"":""1"",""N"":""1000000"",""rows"":""1000000"",""validators"":""100""}"
023-challenge-1000000-1000000-512-1,clearing sizes:,entry_receipt,305,"{""A"":""1000000"",""B"":""512"",""E"":""1000000"",""K"":""1"",""N"":""1000000"",""rows"":""1000000"",""validators"":""100""}"
023-challenge-1000000-1000000-512-1,clearing challenge:,challenge,943,"{""A"":""1000000"",""B"":""512"",""K"":""1"",""N"":""1000000"",""kind"":""debit""}"
023-challenge-1000000-1000000-512-1,clearing challenge:,challenge,994,"{""A"":""1000000"",""B"":""512"",""K"":""1"",""N"":""1000000"",""kind"":""entry""}"
023-challenge-1000000-1000000-512-1,clearing challenge:,challenge,417,"{""A"":""1000000"",""B"":""512"",""K"":""1"",""N"":""1000000"",""kind"":""fork""}"
023-challenge-1000000-1000000-512-1,clearing omitted payer:,activity_absence,769,"{""A"":""1000000"",""B"":""512"",""K"":""1"",""N"":""1000000"",""activity_rows"":""999999""}"
023-challenge-1000000-1000000-512-1,clearing omitted payer:,challenge,978,"{""A"":""1000000"",""B"":""512"",""K"":""1"",""N"":""1000000"",""activity_rows"":""999999""}"
024-challenge-1000000-1024-512-8,clearing activity disclosure:,core,16,"{""A"":""1024"",""B"":""512"",""K"":""8"",""N"":""1000000""}"
024-challenge-1000000-1024-512-8,clearing activity disclosure:,value,48,"{""A"":""1024"",""B"":""512"",""K"":""8"",""N"":""1000000""}"
024-challenge-1000000-1024-512-8,clearing activity disclosure:,account_change,80,"{""A"":""1024"",""B"":""512"",""K"":""8"",""N"":""1000000""}"
024-challenge-1000000-1024-512-8,clearing sizes:,identical_dealing,132147,"{""A"":""1024"",""B"":""512"",""E"":""8192"",""K"":""8"",""N"":""1000000"",""rows"":""1024"",""validators"":""100""}"
024-challenge-1000000-1024-512-8,clearing sizes:,dealt_egress,13214700,"{""A"":""1024"",""B"":""512"",""E"":""8192"",""K"":""8"",""N"":""1000000"",""rows"":""1024"",""validators"":""100""}"
024-challenge-1000000-1024-512-8,clearing sizes:,integrated_commitment,32,"{""A"":""1024"",""B"":""512"",""E"":""8192"",""K"":""8"",""N"":""1000000"",""rows"":""1024"",""validators"":""100""}"
024-challenge-1000000-1024-512-8,clearing sizes:,root_bundle,184,"{""A"":""1024"",""B"":""512"",""E"":""8192"",""K"":""8"",""N"":""1000000"",""rows"":""1024"",""validators"":""100""}"
024-challenge-1000000-1024-512-8,clearing sizes:,withdrawal_total,8,"{""A"":""1024"",""B"":""512"",""E"":""8192"",""K"":""8"",""N"":""1000000"",""rows"":""1024"",""validators"":""100""}"
024-challenge-1000000-1024-512-8,clearing sizes:,descriptor,192,"{""A"":""1024"",""B"":""512"",""E"":""8192"",""K"":""8"",""N"":""1000000"",""rows"":""1024"",""validators"":""100""}"
024-challenge-1000000-1024-512-8,clearing sizes:,certificate,69,"{""A"":""1024"",""B"":""512"",""E"":""8192"",""K"":""8"",""N"":""1000000"",""rows"":""1024"",""validators"":""100""}"
024-challenge-1000000-1024-512-8,clearing sizes:,header_certificate,101,"{""A"":""1024"",""B"":""512"",""E"":""8192"",""K"":""8"",""N"":""1000000"",""rows"":""1024"",""validators"":""100""}"
024-challenge-1000000-1024-512-8,clearing sizes:,header_roots_withdrawal_total_certificate,293,"{""A"":""1024"",""B"":""512"",""E"":""8192"",""K"":""8"",""N"":""1000000"",""rows"":""1024"",""validators"":""100""}"
024-challenge-1000000-1024-512-8,clearing sizes:,entry_receipt,401,"{""A"":""1024"",""B"":""512"",""E"":""8192"",""K"":""8"",""N"":""1000000"",""rows"":""1024"",""validators"":""100""}"
024-challenge-1000000-1024-512-8,clearing challenge:,challenge,718,"{""A"":""1024"",""B"":""512"",""K"":""8"",""N"":""1000000"",""kind"":""debit""}"
024-challenge-1000000-1024-512-8,clearing challenge:,challenge,961,"{""A"":""1024"",""B"":""512"",""K"":""8"",""N"":""1000000"",""kind"":""entry""}"
024-challenge-1000000-1024-512-8,clearing challenge:,challenge,417,"{""A"":""1024"",""B"":""512"",""K"":""8"",""N"":""1000000"",""kind"":""fork""}"
024-challenge-1000000-1024-512-8,clearing omitted payer:,activity_absence,544,"{""A"":""1024"",""B"":""512"",""K"":""8"",""N"":""1000000"",""activity_rows"":""1023""}"
024-challenge-1000000-1024-512-8,clearing omitted payer:,challenge,753,"{""A"":""1024"",""B"":""512"",""K"":""8"",""N"":""1000000"",""activity_rows"":""1023""}"
025-ack-N1000000-A1000000-B512-K1-W0-H0-check,durable_ack metadata,activity_append,132000000,"{""a"":1000000,""b"":512,""backend"":""tokio_filesystem"",""boundary"":""encoded_dealing_to_seal_and_production_persist_candidate_return"",""h"":0,""k"":1,""n"":1000000,""native_strategy"":""rayon_adaptive"",""native_worker_pools"":1,""public_store_concurrency"":3,""runtime_workers"":2,""w"":0,""workers"":16}"
025-ack-N1000000-A1000000-B512-K1-W0-H0-check,durable_ack metadata,encoded_dealing,102750004,"{""a"":1000000,""b"":512,""backend"":""tokio_filesystem"",""boundary"":""encoded_dealing_to_seal_and_production_persist_candidate_return"",""h"":0,""k"":1,""n"":1000000,""native_strategy"":""rayon_adaptive"",""native_worker_pools"":1,""public_store_concurrency"":3,""runtime_workers"":2,""w"":0,""workers"":16}"
025-ack-N1000000-A1000000-B512-K1-W0-H0-check,durable_ack metadata,log_and_private_io_buffer,2048,"{""a"":1000000,""b"":512,""backend"":""tokio_filesystem"",""boundary"":""encoded_dealing_to_seal_and_production_persist_candidate_return"",""h"":0,""k"":1,""n"":1000000,""native_strategy"":""rayon_adaptive"",""native_worker_pools"":1,""public_store_concurrency"":3,""runtime_workers"":2,""w"":0,""workers"":16}"
025-ack-N1000000-A1000000-B512-K1-W0-H0-check,durable_ack metadata,native_page,1024,"{""a"":1000000,""b"":512,""backend"":""tokio_filesystem"",""boundary"":""encoded_dealing_to_seal_and_production_persist_candidate_return"",""h"":0,""k"":1,""n"":1000000,""native_strategy"":""rayon_adaptive"",""native_worker_pools"":1,""public_store_concurrency"":3,""runtime_workers"":2,""w"":0,""workers"":16}"
025-ack-N1000000-A1000000-B512-K1-W0-H0-check,durable_ack metadata,payout_output,0,"{""a"":1000000,""b"":512,""backend"":""tokio_filesystem"",""boundary"":""encoded_dealing_to_seal_and_production_persist_candidate_return"",""h"":0,""k"":1,""n"":1000000,""native_strategy"":""rayon_adaptive"",""native_worker_pools"":1,""public_store_concurrency"":3,""runtime_workers"":2,""w"":0,""workers"":16}"
025-ack-N1000000-A1000000-B512-K1-W0-H0-check,durable_ack metadata,withdrawal_output,0,"{""a"":1000000,""b"":512,""backend"":""tokio_filesystem"",""boundary"":""encoded_dealing_to_seal_and_production_persist_candidate_return"",""h"":0,""k"":1,""n"":1000000,""native_strategy"":""rayon_adaptive"",""native_worker_pools"":1,""public_store_concurrency"":3,""runtime_workers"":2,""w"":0,""workers"":16}"
026-ack-N1000000-A1024-B512-K1-W0-H0-check,durable_ack metadata,activity_append,135168,"{""a"":1024,""b"":512,""backend"":""tokio_filesystem"",""boundary"":""encoded_dealing_to_seal_and_production_persist_candidate_return"",""h"":0,""k"":1,""n"":1000000,""native_strategy"":""rayon_adaptive"",""native_worker_pools"":1,""public_store_concurrency"":3,""runtime_workers"":2,""w"":0,""workers"":16}"
026-ack-N1000000-A1024-B512-K1-W0-H0-check,durable_ack metadata,encoded_dealing,105267,"{""a"":1024,""b"":512,""backend"":""tokio_filesystem"",""boundary"":""encoded_dealing_to_seal_and_production_persist_candidate_return"",""h"":0,""k"":1,""n"":1000000,""native_strategy"":""rayon_adaptive"",""native_worker_pools"":1,""public_store_concurrency"":3,""runtime_workers"":2,""w"":0,""workers"":16}"
026-ack-N1000000-A1024-B512-K1-W0-H0-check,durable_ack metadata,log_and_private_io_buffer,2048,"{""a"":1024,""b"":512,""backend"":""tokio_filesystem"",""boundary"":""encoded_dealing_to_seal_and_production_persist_candidate_return"",""h"":0,""k"":1,""n"":1000000,""native_strategy"":""rayon_adaptive"",""native_worker_pools"":1,""public_store_concurrency"":3,""runtime_workers"":2,""w"":0,""workers"":16}"
026-ack-N1000000-A1024-B512-K1-W0-H0-check,durable_ack metadata,native_page,1024,"{""a"":1024,""b"":512,""backend"":""tokio_filesystem"",""boundary"":""encoded_dealing_to_seal_and_production_persist_candidate_return"",""h"":0,""k"":1,""n"":1000000,""native_strategy"":""rayon_adaptive"",""native_worker_pools"":1,""public_store_concurrency"":3,""runtime_workers"":2,""w"":0,""workers"":16}"
026-ack-N1000000-A1024-B512-K1-W0-H0-check,durable_ack metadata,payout_output,0,"{""a"":1024,""b"":512,""backend"":""tokio_filesystem"",""boundary"":""encoded_dealing_to_seal_and_production_persist_candidate_return"",""h"":0,""k"":1,""n"":1000000,""native_strategy"":""rayon_adaptive"",""native_worker_pools"":1,""public_store_concurrency"":3,""runtime_workers"":2,""w"":0,""workers"":16}"
026-ack-N1000000-A1024-B512-K1-W0-H0-check,durable_ack metadata,withdrawal_output,0,"{""a"":1024,""b"":512,""backend"":""tokio_filesystem"",""boundary"":""encoded_dealing_to_seal_and_production_persist_candidate_return"",""h"":0,""k"":1,""n"":1000000,""native_strategy"":""rayon_adaptive"",""native_worker_pools"":1,""public_store_concurrency"":3,""runtime_workers"":2,""w"":0,""workers"":16}"
027-ack-N1000000-A1024-B512-K8-W0-H0-check,durable_ack metadata,activity_append,493568,"{""a"":1024,""b"":512,""backend"":""tokio_filesystem"",""boundary"":""encoded_dealing_to_seal_and_production_persist_candidate_return"",""h"":0,""k"":8,""n"":1000000,""native_strategy"":""rayon_adaptive"",""native_worker_pools"":1,""public_store_concurrency"":3,""runtime_workers"":2,""w"":0,""workers"":16}"
027-ack-N1000000-A1024-B512-K8-W0-H0-check,durable_ack metadata,encoded_dealing,132147,"{""a"":1024,""b"":512,""backend"":""tokio_filesystem"",""boundary"":""encoded_dealing_to_seal_and_production_persist_candidate_return"",""h"":0,""k"":8,""n"":1000000,""native_strategy"":""rayon_adaptive"",""native_worker_pools"":1,""public_store_concurrency"":3,""runtime_workers"":2,""w"":0,""workers"":16}"
027-ack-N1000000-A1024-B512-K8-W0-H0-check,durable_ack metadata,log_and_private_io_buffer,2048,"{""a"":1024,""b"":512,""backend"":""tokio_filesystem"",""boundary"":""encoded_dealing_to_seal_and_production_persist_candidate_return"",""h"":0,""k"":8,""n"":1000000,""native_strategy"":""rayon_adaptive"",""native_worker_pools"":1,""public_store_concurrency"":3,""runtime_workers"":2,""w"":0,""workers"":16}"
027-ack-N1000000-A1024-B512-K8-W0-H0-check,durable_ack metadata,native_page,1024,"{""a"":1024,""b"":512,""backend"":""tokio_filesystem"",""boundary"":""encoded_dealing_to_seal_and_production_persist_candidate_return"",""h"":0,""k"":8,""n"":1000000,""native_strategy"":""rayon_adaptive"",""native_worker_pools"":1,""public_store_concurrency"":3,""runtime_workers"":2,""w"":0,""workers"":16}"
027-ack-N1000000-A1024-B512-K8-W0-H0-check,durable_ack metadata,payout_output,0,"{""a"":1024,""b"":512,""backend"":""tokio_filesystem"",""boundary"":""encoded_dealing_to_seal_and_production_persist_candidate_return"",""h"":0,""k"":8,""n"":1000000,""native_strategy"":""rayon_adaptive"",""native_worker_pools"":1,""public_store_concurrency"":3,""runtime_workers"":2,""w"":0,""workers"":16}"
027-ack-N1000000-A1024-B512-K8-W0-H0-check,durable_ack metadata,withdrawal_output,0,"{""a"":1024,""b"":512,""backend"":""tokio_filesystem"",""boundary"":""encoded_dealing_to_seal_and_production_persist_candidate_return"",""h"":0,""k"":8,""n"":1000000,""native_strategy"":""rayon_adaptive"",""native_worker_pools"":1,""public_store_concurrency"":3,""runtime_workers"":2,""w"":0,""workers"":16}"
028-ack-N1000000-A1024-B8-K8-W0-H0-check,durable_ack metadata,activity_append,493568,"{""a"":1024,""b"":8,""backend"":""tokio_filesystem"",""boundary"":""encoded_dealing_to_seal_and_production_persist_candidate_return"",""h"":0,""k"":8,""n"":1000000,""native_strategy"":""rayon_adaptive"",""native_worker_pools"":1,""public_store_concurrency"":3,""runtime_workers"":2,""w"":0,""workers"":16}"
028-ack-N1000000-A1024-B8-K8-W0-H0-check,durable_ack metadata,encoded_dealing,126003,"{""a"":1024,""b"":8,""backend"":""tokio_filesystem"",""boundary"":""encoded_dealing_to_seal_and_production_persist_candidate_return"",""h"":0,""k"":8,""n"":1000000,""native_strategy"":""rayon_adaptive"",""native_worker_pools"":1,""public_store_concurrency"":3,""runtime_workers"":2,""w"":0,""workers"":16}"
028-ack-N1000000-A1024-B8-K8-W0-H0-check,durable_ack metadata,log_and_private_io_buffer,2048,"{""a"":1024,""b"":8,""backend"":""tokio_filesystem"",""boundary"":""encoded_dealing_to_seal_and_production_persist_candidate_return"",""h"":0,""k"":8,""n"":1000000,""native_strategy"":""rayon_adaptive"",""native_worker_pools"":1,""public_store_concurrency"":3,""runtime_workers"":2,""w"":0,""workers"":16}"
028-ack-N1000000-A1024-B8-K8-W0-H0-check,durable_ack metadata,native_page,1024,"{""a"":1024,""b"":8,""backend"":""tokio_filesystem"",""boundary"":""encoded_dealing_to_seal_and_production_persist_candidate_return"",""h"":0,""k"":8,""n"":1000000,""native_strategy"":""rayon_adaptive"",""native_worker_pools"":1,""public_store_concurrency"":3,""runtime_workers"":2,""w"":0,""workers"":16}"
028-ack-N1000000-A1024-B8-K8-W0-H0-check,durable_ack metadata,payout_output,0,"{""a"":1024,""b"":8,""backend"":""tokio_filesystem"",""boundary"":""encoded_dealing_to_seal_and_production_persist_candidate_return"",""h"":0,""k"":8,""n"":1000000,""native_strategy"":""rayon_adaptive"",""native_worker_pools"":1,""public_store_concurrency"":3,""runtime_workers"":2,""w"":0,""workers"":16}"
028-ack-N1000000-A1024-B8-K8-W0-H0-check,durable_ack metadata,withdrawal_output,0,"{""a"":1024,""b"":8,""backend"":""tokio_filesystem"",""boundary"":""encoded_dealing_to_seal_and_production_persist_candidate_return"",""h"":0,""k"":8,""n"":1000000,""native_strategy"":""rayon_adaptive"",""native_worker_pools"":1,""public_store_concurrency"":3,""runtime_workers"":2,""w"":0,""workers"":16}"
029-ack-N1000000-A128-B512-K1-W1000000-H0-check,durable_ack metadata,activity_append,82006400,"{""a"":128,""b"":512,""backend"":""tokio_filesystem"",""boundary"":""encoded_dealing_to_seal_and_production_persist_candidate_return"",""h"":0,""k"":1,""n"":1000000,""native_strategy"":""rayon_adaptive"",""native_worker_pools"":1,""public_store_concurrency"":3,""runtime_workers"":2,""w"":1000000,""workers"":16}"
029-ack-N1000000-A128-B512-K1-W1000000-H0-check,durable_ack metadata,encoded_dealing,34008756,"{""a"":128,""b"":512,""backend"":""tokio_filesystem"",""boundary"":""encoded_dealing_to_seal_and_production_persist_candidate_return"",""h"":0,""k"":1,""n"":1000000,""native_strategy"":""rayon_adaptive"",""native_worker_pools"":1,""public_store_concurrency"":3,""runtime_workers"":2,""w"":1000000,""workers"":16}"
029-ack-N1000000-A128-B512-K1-W1000000-H0-check,durable_ack metadata,log_and_private_io_buffer,2048,"{""a"":128,""b"":512,""backend"":""tokio_filesystem"",""boundary"":""encoded_dealing_to_seal_and_production_persist_candidate_return"",""h"":0,""k"":1,""n"":1000000,""native_strategy"":""rayon_adaptive"",""native_worker_pools"":1,""public_store_concurrency"":3,""runtime_workers"":2,""w"":1000000,""workers"":16}"
029-ack-N1000000-A128-B512-K1-W1000000-H0-check,durable_ack metadata,native_page,1024,"{""a"":128,""b"":512,""backend"":""tokio_filesystem"",""boundary"":""encoded_dealing_to_seal_and_production_persist_candidate_return"",""h"":0,""k"":1,""n"":1000000,""native_strategy"":""rayon_adaptive"",""native_worker_pools"":1,""public_store_concurrency"":3,""runtime_workers"":2,""w"":1000000,""workers"":16}"
029-ack-N1000000-A128-B512-K1-W1000000-H0-check,durable_ack metadata,payout_output,26000000,"{""a"":128,""b"":512,""backend"":""tokio_filesystem"",""boundary"":""encoded_dealing_to_seal_and_production_persist_candidate_return"",""h"":0,""k"":1,""n"":1000000,""native_strategy"":""rayon_adaptive"",""native_worker_pools"":1,""public_store_concurrency"":3,""runtime_workers"":2,""w"":1000000,""workers"":16}"
029-ack-N1000000-A128-B512-K1-W1000000-H0-check,durable_ack metadata,withdrawal_output,25,"{""a"":128,""b"":512,""backend"":""tokio_filesystem"",""boundary"":""encoded_dealing_to_seal_and_production_persist_candidate_return"",""h"":0,""k"":1,""n"":1000000,""native_strategy"":""rayon_adaptive"",""native_worker_pools"":1,""public_store_concurrency"":3,""runtime_workers"":2,""w"":1000000,""workers"":16}"
030-ack-N1000000-A128-B512-K1-W0-H1024-check,durable_ack metadata,activity_append,16896,"{""a"":128,""b"":512,""backend"":""tokio_filesystem"",""boundary"":""encoded_dealing_to_seal_and_production_persist_candidate_return"",""h"":1024,""k"":1,""n"":1000000,""native_strategy"":""rayon_adaptive"",""native_worker_pools"":1,""public_store_concurrency"":3,""runtime_workers"":2,""w"":0,""workers"":16}"
030-ack-N1000000-A128-B512-K1-W0-H1024-check,durable_ack metadata,encoded_dealing,13107,"{""a"":128,""b"":512,""backend"":""tokio_filesystem"",""boundary"":""encoded_dealing_to_seal_and_production_persist_candidate_return"",""h"":1024,""k"":1,""n"":1000000,""native_strategy"":""rayon_adaptive"",""native_worker_pools"":1,""public_store_concurrency"":3,""runtime_workers"":2,""w"":0,""workers"":16}"
030-ack-N1000000-A128-B512-K1-W0-H1024-check,durable_ack metadata,log_and_private_io_buffer,2048,"{""a"":128,""b"":512,""backend"":""tokio_filesystem"",""boundary"":""encoded_dealing_to_seal_and_production_persist_candidate_return"",""h"":1024,""k"":1,""n"":1000000,""native_strategy"":""rayon_adaptive"",""native_worker_pools"":1,""public_store_concurrency"":3,""runtime_workers"":2,""w"":0,""workers"":16}"
030-ack-N1000000-A128-B512-K1-W0-H1024-check,durable_ack metadata,native_page,1024,"{""a"":128,""b"":512,""backend"":""tokio_filesystem"",""boundary"":""encoded_dealing_to_seal_and_production_persist_candidate_return"",""h"":1024,""k"":1,""n"":1000000,""native_strategy"":""rayon_adaptive"",""native_worker_pools"":1,""public_store_concurrency"":3,""runtime_workers"":2,""w"":0,""workers"":16}"
030-ack-N1000000-A128-B512-K1-W0-H1024-check,durable_ack metadata,payout_output,0,"{""a"":128,""b"":512,""backend"":""tokio_filesystem"",""boundary"":""encoded_dealing_to_seal_and_production_persist_candidate_return"",""h"":1024,""k"":1,""n"":1000000,""native_strategy"":""rayon_adaptive"",""native_worker_pools"":1,""public_store_concurrency"":3,""runtime_workers"":2,""w"":0,""workers"":16}"
030-ack-N1000000-A128-B512-K1-W0-H1024-check,durable_ack metadata,withdrawal_output,0,"{""a"":128,""b"":512,""backend"":""tokio_filesystem"",""boundary"":""encoded_dealing_to_seal_and_production_persist_candidate_return"",""h"":1024,""k"":1,""n"":1000000,""native_strategy"":""rayon_adaptive"",""native_worker_pools"":1,""public_store_concurrency"":3,""runtime_workers"":2,""w"":0,""workers"":16}"
